#,Joueur(s),Position,Saison,Club_dep,Ligue_dep,Club_arr,Ligue_arr,montant_transfert,valeur_marchande
1,Eden Hazard,Ailier gauche,19/20,Chelsea,Premier League,Real Madrid,LaLiga,"115,00 mio. €","150,00 mio. €"
2,Erling Haaland,Avant-centre,22/23,Bor. Dortmund,Bundesliga,Manchester City,Premier League,"60,00 mio. €","150,00 mio. €"
3,Antoine Griezmann,Deuxième attaquant,19/20,Atlético Madrid,LaLiga,Barcelone,LaLiga,"120,00 mio. €","130,00 mio. €"
4,Kylian Mbappé,Avant-centre,18/19,AS Monaco,Ligue 1,Paris SG,Ligue 1,"180,00 mio. €","120,00 mio. €"
5,Neymar,Ailier gauche,17/18,Barcelone,LaLiga,Paris SG,Ligue 1,"222,00 mio. €","100,00 mio. €"
6,Cristiano Ronaldo,Avant-centre,18/19,Real Madrid,LaLiga,Juventus Turin,Serie A,"117,00 mio. €","100,00 mio. €"
7,Jadon Sancho,Ailier gauche,21/22,Bor. Dortmund,Bundesliga,Manchester Utd.,Premier League,"85,00 mio. €","100,00 mio. €"
8,Romelu Lukaku,Avant-centre,21/22,Inter,Serie A,Chelsea,Premier League,"113,00 mio. €","100,00 mio. €"
9,Philippe Coutinho,Ailier gauche,17/18,Liverpool,Premier League,Barcelone,LaLiga,"135,00 mio. €","90,00 mio. €"
10,Philippe Coutinho,Ailier gauche,19/20,Barcelone,LaLiga,Bayern Munich,Bundesliga,"Montant du prêt:8,50 mio. €","90,00 mio. €"
11,Christian Eriksen,Milieu central,19/20,Tottenham,Premier League,Inter,Serie A,"27,00 mio. €","90,00 mio. €"
12,Frenkie de Jong,Milieu central,19/20,Ajax,Eredivisie,Barcelone,LaLiga,"86,00 mio. €","85,00 mio. €"
13,Kai Havertz,Milieu offensif,20/21,B. Leverkusen,Bundesliga,Chelsea,Premier League,"80,00 mio. €","81,00 mio. €"
14,Rodri,Milieu défensif,19/20,Atlético Madrid,LaLiga,Manchester City,Premier League,"70,00 mio. €","80,00 mio. €"
15,Mauro Icardi,Avant-centre,19/20,Inter,Serie A,Paris SG,Ligue 1,Prêt,"80,00 mio. €"
16,Leroy Sané,Ailier droit,20/21,Manchester City,Premier League,Bayern Munich,Bundesliga,"49,00 mio. €","80,00 mio. €"
17,Lionel Messi,Ailier droit,21/22,Barcelone,LaLiga,Paris SG,Ligue 1,Transfert libre,"80,00 mio. €"
18,Matthijs de Ligt,Défenseur central,19/20,Ajax,Eredivisie,Juventus Turin,Serie A,"85,50 mio. €","75,00 mio. €"
19,Romelu Lukaku,Avant-centre,19/20,Manchester Utd.,Premier League,Inter,Serie A,"74,00 mio. €","75,00 mio. €"
20,Paul Pogba,Milieu central,16/17,Juventus Turin,Serie A,Manchester Utd.,Premier League,"105,00 mio. €","70,00 mio. €"
21,Alexis Sánchez,Avant-centre,17/18,FC Arsenal,Premier League,Manchester Utd.,Premier League,"34,00 mio. €","70,00 mio. €"
22,Lucas Hernández,Défenseur central,19/20,Atlético Madrid,LaLiga,Bayern Munich,Bundesliga,"80,00 mio. €","70,00 mio. €"
23,João Félix,Deuxième attaquant,19/20,Benfica,Liga NOS,Atlético Madrid,LaLiga,"127,20 mio. €","70,00 mio. €"
24,Raphaël Varane,Défenseur central,21/22,Real Madrid,LaLiga,Manchester Utd.,Premier League,"40,00 mio. €","70,00 mio. €"
25,Dusan Vlahovic,Avant-centre,21/22,Fiorentina,Serie A,Juventus Turin,Serie A,"81,60 mio. €","70,00 mio. €"
26,Sadio Mané,Ailier gauche,22/23,Liverpool,Premier League,Bayern Munich,Bundesliga,"32,00 mio. €","70,00 mio. €"
27,Romelu Lukaku,Avant-centre,22/23,Chelsea,Premier League,Inter,Serie A,"Montant du prêt:7,80 mio. €","70,00 mio. €"
28,Raheem Sterling,Ailier gauche,22/23,Manchester City,Premier League,Chelsea,Premier League,"56,20 mio. €","70,00 mio. €"
29,Matthijs de Ligt,Défenseur central,22/23,Juventus Turin,Serie A,Bayern Munich,Bundesliga,"67,00 mio. €","70,00 mio. €"
30,João Cancelo,Arrière droit,22/23,Manchester City,Premier League,Bayern Munich,Bundesliga,Prêt,"70,00 mio. €"
31,Gareth Bale,Ailier droit,13/14,Tottenham,Premier League,Real Madrid,LaLiga,"101,00 mio. €","65,00 mio. €"
32,Gonzalo Higuaín,Avant-centre,16/17,Napoli,Serie A,Juventus Turin,Serie A,"90,00 mio. €","65,00 mio. €"
33,Pierre-Emerick Aubameyang,Avant-centre,17/18,Bor. Dortmund,Bundesliga,FC Arsenal,Premier League,"63,75 mio. €","65,00 mio. €"
34,Thomas Lemar,Milieu offensif,18/19,AS Monaco,Ligue 1,Atlético Madrid,LaLiga,"72,00 mio. €","65,00 mio. €"
35,Naby Keïta,Milieu central,18/19,RB Leipzig,Bundesliga,Liverpool,Premier League,"60,00 mio. €","65,00 mio. €"
36,Thibaut Courtois,Gardien de but,18/19,Chelsea,Premier League,Real Madrid,LaLiga,"35,00 mio. €","65,00 mio. €"
37,Tanguy Ndombélé,Milieu central,19/20,Ol. Lyonnais,Ligue 1,Tottenham,Premier League,"62,00 mio. €","65,00 mio. €"
38,Nicolas Pépé,Ailier droit,19/20,LOSC Lille,Ligue 1,FC Arsenal,Premier League,"80,00 mio. €","65,00 mio. €"
39,Jack Grealish,Ailier gauche,21/22,Aston Villa,Premier League,Manchester City,Premier League,"117,50 mio. €","65,00 mio. €"
40,Federico Chiesa,Ailier gauche,22/23,Fiorentina,Serie A,Juventus Turin,Serie A,"42,50 mio. €","65,00 mio. €"
41,Timo Werner,Avant-centre,20/21,RB Leipzig,Bundesliga,Chelsea,Premier League,"53,00 mio. €","64,00 mio. €"
42,Cristiano Ronaldo,Avant-centre,09/10,Manchester Utd.,Premier League,Real Madrid,LaLiga,"94,00 mio. €","60,00 mio. €"
43,Radamel Falcao,Avant-centre,13/14,Atlético Madrid,LaLiga,AS Monaco,Ligue 1,"43,00 mio. €","60,00 mio. €"
44,James Rodríguez,Milieu offensif,14/15,AS Monaco,Ligue 1,Real Madrid,LaLiga,"75,00 mio. €","60,00 mio. €"
45,Alisson,Gardien de but,18/19,AS Roma,Serie A,Liverpool,Premier League,"62,50 mio. €","60,00 mio. €"
46,Luka Jović,Avant-centre,19/20,Benfica,Liga NOS,E. Francfort,Bundesliga,"22,34 mio. €","60,00 mio. €"
47,Luka Jović,Avant-centre,19/20,E. Francfort,Bundesliga,Real Madrid,LaLiga,"63,00 mio. €","60,00 mio. €"
48,Nabil Fekir,Milieu offensif,19/20,Ol. Lyonnais,Ligue 1,Real Betis,LaLiga,"19,75 mio. €","60,00 mio. €"
49,Bruno Fernandes,Milieu offensif,19/20,Sporting CP,Liga NOS,Manchester Utd.,Premier League,"63,00 mio. €","60,00 mio. €"
50,Mauro Icardi,Avant-centre,20/21,Inter,Serie A,Paris SG,Ligue 1,"50,00 mio. €","60,00 mio. €"
51,Dayot Upamecano,Défenseur central,21/22,RB Leipzig,Bundesliga,Bayern Munich,Bundesliga,"42,50 mio. €","60,00 mio. €"
52,Achraf Hakimi,Arrière droit,21/22,Inter,Serie A,Paris SG,Ligue 1,"68,00 mio. €","60,00 mio. €"
53,Gianluigi Donnarumma,Gardien de but,21/22,AC Milan,Serie A,Paris SG,Ligue 1,Transfert libre,"60,00 mio. €"
54,Antoine Griezmann,Deuxième attaquant,21/22,Barcelone,LaLiga,Atlético Madrid,LaLiga,"Montant du prêt:10,00 mio. €","60,00 mio. €"
55,Aurélien Tchouaméni,Milieu défensif,22/23,AS Monaco,Ligue 1,Real Madrid,LaLiga,"80,00 mio. €","60,00 mio. €"
56,Jules Koundé,Défenseur central,22/23,FC Sevilla,LaLiga,Barcelone,LaLiga,"50,00 mio. €","60,00 mio. €"
57,Cody Gakpo,Ailier gauche,22/23,PSV Eindhoven,Eredivisie,Liverpool,Premier League,"42,00 mio. €","60,00 mio. €"
58,Milan Skriniar,Défenseur central,23/24,Inter,Italie,Sans club,Sans club,-,"60,00 mio. €"
59,Arthur Melo,Milieu central,20/21,Barcelone,LaLiga,Juventus Turin,Serie A,"76,00 mio. €","56,00 mio. €"
60,Kaká,Milieu offensif,09/10,AC Milan,Serie A,Real Madrid,LaLiga,"67,00 mio. €","55,00 mio. €"
61,Edinson Cavani,Avant-centre,13/14,Napoli,Serie A,Paris SG,Ligue 1,"64,50 mio. €","55,00 mio. €"
62,Radamel Falcao,Avant-centre,14/15,AS Monaco,Ligue 1,Manchester Utd.,Premier League,"Montant du prêt:7,60 mio. €","55,00 mio. €"
63,Douglas Costa,Ailier droit,18/19,Bayern Munich,Bundesliga,Juventus Turin,Serie A,"40,00 mio. €","55,00 mio. €"
64,Gonzalo Higuaín,Avant-centre,18/19,Juventus Turin,Serie A,AC Milan,Serie A,"Montant du prêt:10,20 mio. €","55,00 mio. €"
65,João Cancelo,Arrière droit,19/20,Juventus Turin,Serie A,Manchester City,Premier League,"65,00 mio. €","55,00 mio. €"
66,David Alaba,Défenseur central,21/22,Bayern Munich,Bundesliga,Real Madrid,LaLiga,Transfert libre,"55,00 mio. €"
67,Eduardo Camavinga,Milieu central,21/22,Rennes,Ligue 1,Real Madrid,LaLiga,"31,00 mio. €","55,00 mio. €"
68,Darwin Núñez,Avant-centre,22/23,Benfica,Liga Portugal,Liverpool,Premier League,"80,00 mio. €","55,00 mio. €"
69,Fabián Ruiz,Milieu central,22/23,Napoli,Serie A,Paris SG,Ligue 1,"23,00 mio. €","55,00 mio. €"
70,Enzo Fernández,Milieu défensif,22/23,Benfica,Liga Portugal,Chelsea,Premier League,"121,00 mio. €","55,00 mio. €"
71,Cesc Fàbregas,Milieu central,11/12,FC Arsenal,Premier League,Barcelone,LaLiga,"34,00 mio. €","54,00 mio. €"
72,Achraf Hakimi,Arrière droit,20/21,Real Madrid,LaLiga,Inter,Serie A,"43,00 mio. €","54,00 mio. €"
73,Luis Suárez,Avant-centre,14/15,Liverpool,Premier League,Barcelone,LaLiga,"81,72 mio. €","52,00 mio. €"
74,Andriy Shevchenko,Avant-centre,06/07,AC Milan,Serie A,Chelsea,Premier League,"43,88 mio. €","51,00 mio. €"
75,Fernando Torres,Avant-centre,10/11,Liverpool,Premier League,Chelsea,Premier League,"58,50 mio. €","50,00 mio. €"
76,Neymar,Ailier gauche,13/14,Santos,Série A,Barcelone,LaLiga,"88,00 mio. €","50,00 mio. €"
77,Robert Lewandowski,Avant-centre,14/15,Bor. Dortmund,Bundesliga,Bayern Munich,Bundesliga,Transfert libre,"50,00 mio. €"
78,Cesc Fàbregas,Milieu central,14/15,Barcelone,LaLiga,Chelsea,Premier League,"33,00 mio. €","50,00 mio. €"
79,Ángel Di María,Ailier droit,14/15,Real Madrid,LaLiga,Manchester Utd.,Premier League,"75,00 mio. €","50,00 mio. €"
80,Ángel Di María,Ailier droit,15/16,Manchester Utd.,Premier League,Paris SG,Ligue 1,"63,00 mio. €","50,00 mio. €"
81,Romelu Lukaku,Avant-centre,17/18,FC Everton,Premier League,Manchester Utd.,Premier League,"84,70 mio. €","50,00 mio. €"
82,James Rodríguez,Milieu offensif,17/18,Real Madrid,LaLiga,Bayern Munich,Bundesliga,"Montant du prêt:13,00 mio. €","50,00 mio. €"
83,Diego Costa,Avant-centre,17/18,Chelsea,Premier League,Atlético Madrid,LaLiga,"60,00 mio. €","50,00 mio. €"
84,Riyad Mahrez,Ailier droit,18/19,Leicester City,Premier League,Manchester City,Premier League,"67,80 mio. €","50,00 mio. €"
85,Jorginho,Milieu défensif,18/19,Napoli,Serie A,Chelsea,Premier League,"57,00 mio. €","50,00 mio. €"
86,Christian Pulisic,Ailier droit,18/19,Bor. Dortmund,Bundesliga,Chelsea,Premier League,"64,00 mio. €","50,00 mio. €"
87,Christian Pulisic,Ailier droit,18/19,Chelsea,Premier League,Bor. Dortmund,Bundesliga,Prêt,"50,00 mio. €"
88,Gonzalo Higuaín,Avant-centre,18/19,Juventus Turin,Serie A,Chelsea,Premier League,"Montant du prêt:7,80 mio. €","50,00 mio. €"
89,Álvaro Morata,Avant-centre,18/19,Chelsea,Premier League,Atlético Madrid,LaLiga,"Montant du prêt:18,00 mio. €","50,00 mio. €"
90,Éder Militão,Défenseur central,19/20,FC Porto,Liga NOS,Real Madrid,LaLiga,"50,00 mio. €","50,00 mio. €"
91,Julian Brandt,Milieu offensif,19/20,B. Leverkusen,Bundesliga,Bor. Dortmund,Bundesliga,"25,00 mio. €","50,00 mio. €"
92,Giovani Lo Celso,Milieu central,19/20,Paris SG,Ligue 1,Real Betis,LaLiga,"22,00 mio. €","50,00 mio. €"
93,Harry Maguire,Défenseur central,19/20,Leicester City,Premier League,Manchester Utd.,Premier League,"87,00 mio. €","50,00 mio. €"
94,Giovani Lo Celso,Milieu central,19/20,Real Betis,LaLiga,Tottenham,Premier League,"Montant du prêt:16,00 mio. €","50,00 mio. €"
95,Nicolò Barella,Milieu central,20/21,Cagliari,Serie A,Inter,Serie A,"32,50 mio. €","50,00 mio. €"
96,Ansu Fati,Ailier gauche,20/21,Barcelona B,2ª B - Fase de ascenso,Barcelone,LaLiga,-,"50,00 mio. €"
97,Gabriel Jesus,Avant-centre,22/23,Manchester City,Premier League,FC Arsenal,Premier League,"52,20 mio. €","50,00 mio. €"
98,Kalvin Phillips,Milieu défensif,22/23,Leeds United,Premier League,Manchester City,Premier League,"49,00 mio. €","50,00 mio. €"
99,Carlos Soler,Milieu central,22/23,FC Valencia,LaLiga,Paris SG,Ligue 1,"18,00 mio. €","50,00 mio. €"
100,João Félix,Deuxième attaquant,22/23,Atlético Madrid,LaLiga,Chelsea,Premier League,"Montant du prêt:11,00 mio. €","50,00 mio. €"
101,Thiago,Milieu central,20/21,Bayern Munich,Bundesliga,Liverpool,Premier League,"22,00 mio. €","48,00 mio. €"
102,Federico Chiesa,Ailier gauche,20/21,Fiorentina,Serie A,Juventus Turin,Serie A,"Montant du prêt:12,60 mio. €","48,00 mio. €"
103,Richarlison,Avant-centre,22/23,FC Everton,Premier League,Tottenham,Premier League,"58,00 mio. €","48,00 mio. €"
104,Paul Pogba,Milieu central,22/23,Manchester Utd.,Premier League,Juventus Turin,Serie A,Transfert libre,"48,00 mio. €"
105,Cristian Romero,Défenseur central,22/23,Atalanta BC,Serie A,Tottenham,Premier League,"50,00 mio. €","48,00 mio. €"
106,Robin van Persie,Avant-centre,12/13,FC Arsenal,Premier League,Manchester Utd.,Premier League,"30,70 mio. €","47,50 mio. €"
107,Zlatan Ibrahimović,Avant-centre,10/11,Barcelone,LaLiga,AC Milan,Serie A,"Montant du prêt:6,00 mio. €","46,00 mio. €"
108,Thierry Henry,Avant-centre,07/08,FC Arsenal,Premier League,Barcelone,LaLiga,"24,00 mio. €","45,00 mio. €"
109,Zlatan Ibrahimović,Avant-centre,09/10,Inter,Serie A,Barcelone,LaLiga,"69,50 mio. €","45,00 mio. €"
110,David Villa,Avant-centre,10/11,FC Valencia,LaLiga,Barcelone,LaLiga,"40,00 mio. €","45,00 mio. €"
111,Mario Götze,Milieu offensif,13/14,Bor. Dortmund,Bundesliga,Bayern Munich,Bundesliga,"37,00 mio. €","45,00 mio. €"
112,Kevin De Bruyne,Milieu offensif,15/16,VfL Wolfsburg,Bundesliga,Manchester City,Premier League,"76,00 mio. €","45,00 mio. €"
113,Leonardo Bonucci,Défenseur central,17/18,Juventus Turin,Serie A,AC Milan,Serie A,"42,00 mio. €","45,00 mio. €"
114,Fabinho,Milieu défensif,18/19,AS Monaco,Ligue 1,Liverpool,Premier League,"45,00 mio. €","45,00 mio. €"
115,Radja Nainggolan,Milieu central,18/19,AS Roma,Serie A,Inter,Serie A,"38,00 mio. €","45,00 mio. €"
116,Malcom,Ailier droit,18/19,G. Bordeaux,Ligue 1,Barcelone,LaLiga,"41,00 mio. €","45,00 mio. €"
117,Konstantinos Manolas,Défenseur central,19/20,AS Roma,Serie A,Napoli,Serie A,"36,00 mio. €","45,00 mio. €"
118,Erling Haaland,Avant-centre,19/20,RB Salzbourg,Bundesliga,Bor. Dortmund,Bundesliga,"20,00 mio. €","45,00 mio. €"
119,Duván Zapata,Avant-centre,19/20,Sampdoria,Serie A,Atalanta BC,Serie A,"12,00 mio. €","45,00 mio. €"
120,Ferran Torres,Ailier gauche,20/21,FC Valencia,LaLiga,Manchester City,Premier League,"33,50 mio. €","45,00 mio. €"
121,Miralem Pjanic,Milieu central,20/21,Juventus Turin,Serie A,Barcelone,LaLiga,"60,00 mio. €","45,00 mio. €"
122,Memphis Depay,Avant-centre,21/22,Ol. Lyonnais,Ligue 1,Barcelone,LaLiga,Transfert libre,"45,00 mio. €"
123,André Silva,Avant-centre,21/22,E. Francfort,Bundesliga,RB Leipzig,Bundesliga,"23,00 mio. €","45,00 mio. €"
124,Cristiano Ronaldo,Avant-centre,21/22,Juventus Turin,Serie A,Manchester Utd.,Premier League,"17,00 mio. €","45,00 mio. €"
125,Ferran Torres,Ailier gauche,21/22,Manchester City,Premier League,Barcelone,LaLiga,"55,00 mio. €","45,00 mio. €"
126,Franck Kessié,Milieu central,22/23,AC Milan,Serie A,Barcelone,LaLiga,Transfert libre,"45,00 mio. €"
127,Raphinha,Ailier droit,22/23,Leeds United,Premier League,Barcelone,LaLiga,"58,00 mio. €","45,00 mio. €"
128,Robert Lewandowski,Avant-centre,22/23,Bayern Munich,Bundesliga,Barcelone,LaLiga,"45,00 mio. €","45,00 mio. €"
129,Donny van de Beek,Milieu central,20/21,Ajax,Eredivisie,Manchester Utd.,Premier League,"39,00 mio. €","44,00 mio. €"
130,Samuel Eto'o,Avant-centre,11/12,Inter,Serie A,Anzhi,Russie,"27,00 mio. €","42,00 mio. €"
131,Toni Kroos,Milieu central,14/15,Bayern Munich,Bundesliga,Real Madrid,LaLiga,"25,00 mio. €","42,00 mio. €"
132,Arturo Vidal,Milieu central,15/16,Juventus Turin,Serie A,Bayern Munich,Bundesliga,"39,25 mio. €","42,00 mio. €"
133,Paco Alcácer,Avant-centre,19/20,Bor. Dortmund,Bundesliga,Villarreal CF,LaLiga,"23,00 mio. €","42,00 mio. €"
134,Marcel Sabitzer,Milieu central,21/22,RB Leipzig,Bundesliga,Bayern Munich,Bundesliga,"15,00 mio. €","42,00 mio. €"
135,Amine Gouiri,Avant-centre,22/23,OGC Nice,Ligue 1,Rennes,Ligue 1,"28,00 mio. €","42,00 mio. €"
136,Luka Modric,Milieu central,12/13,Tottenham,Premier League,Real Madrid,LaLiga,"35,00 mio. €","40,00 mio. €"
137,Mesut Özil,Milieu offensif,13/14,Real Madrid,LaLiga,FC Arsenal,Premier League,"47,00 mio. €","40,00 mio. €"
138,Raheem Sterling,Ailier gauche,15/16,Liverpool,Premier League,Manchester City,Premier League,"63,70 mio. €","40,00 mio. €"
139,Bernardo Silva,Milieu offensif,17/18,AS Monaco,Ligue 1,Manchester City,Premier League,"50,00 mio. €","40,00 mio. €"
140,Alexandre Lacazette,Avant-centre,17/18,Ol. Lyonnais,Ligue 1,FC Arsenal,Premier League,"53,00 mio. €","40,00 mio. €"
141,Álvaro Morata,Avant-centre,17/18,Real Madrid,LaLiga,Chelsea,Premier League,"66,00 mio. €","40,00 mio. €"
142,Yannick Carrasco,Ailier gauche,17/18,Atlético Madrid,LaLiga,DL Yifang,Super League,"30,00 mio. €","40,00 mio. €"
143,Stefan de Vrij,Défenseur central,18/19,Lazio Rome,Serie A,Inter,Serie A,Transfert libre,"40,00 mio. €"
144,Leon Goretzka,Milieu central,18/19,FC Schalke 04,Bundesliga,Bayern Munich,Bundesliga,Transfert libre,"40,00 mio. €"
145,Paulinho,Milieu central,18/19,Barcelone,LaLiga,GZ Evergrande,Super League,"Montant du prêt:5,50 mio. €","40,00 mio. €"
146,Michy Batshuayi,Avant-centre,18/19,Chelsea,Premier League,FC Valencia,LaLiga,"Montant du prêt:3,00 mio. €","40,00 mio. €"
147,Tiemoué Bakayoko,Milieu défensif,18/19,Chelsea,Premier League,AC Milan,Serie A,"Montant du prêt:5,00 mio. €","40,00 mio. €"
148,Gonçalo Guedes,Deuxième attaquant,18/19,Paris SG,Ligue 1,FC Valencia,LaLiga,"40,00 mio. €","40,00 mio. €"
149,Aaron Ramsey,Milieu central,19/20,FC Arsenal,Premier League,Juventus Turin,Serie A,Transfert libre,"40,00 mio. €"
150,Rodrygo,Ailier droit,19/20,Santos,Série A,Real Madrid,LaLiga,"45,00 mio. €","40,00 mio. €"
151,Pablo Sarabia,Ailier droit,19/20,FC Sevilla,LaLiga,Paris SG,Ligue 1,"18,00 mio. €","40,00 mio. €"
152,Maxi Gómez,Avant-centre,19/20,Celta de Vigo,LaLiga,FC Valencia,LaLiga,"14,50 mio. €","40,00 mio. €"
153,Sébastien Haller,Avant-centre,19/20,E. Francfort,Bundesliga,West Ham Utd.,Premier League,"50,00 mio. €","40,00 mio. €"
154,Malcom,Ailier droit,19/20,Barcelone,LaLiga,Zenit S-Pb,Premier Liga,"40,00 mio. €","40,00 mio. €"
155,Moise Kean,Avant-centre,19/20,Juventus Turin,Serie A,FC Everton,Premier League,"27,50 mio. €","40,00 mio. €"
156,Wissam Ben Yedder,Avant-centre,19/20,FC Sevilla,LaLiga,AS Monaco,Ligue 1,"40,00 mio. €","40,00 mio. €"
157,Hirving Lozano,Ailier droit,19/20,PSV Eindhoven,Eredivisie,Napoli,Serie A,"45,00 mio. €","40,00 mio. €"
158,Ante Rebic,Ailier gauche,19/20,E. Francfort,Bundesliga,AC Milan,Serie A,Prêt,"40,00 mio. €"
159,Hakim Ziyech,Ailier droit,20/21,Ajax,Eredivisie,Chelsea,Premier League,"40,00 mio. €","40,00 mio. €"
160,Giovani Lo Celso,Milieu central,20/21,Real Betis,LaLiga,Tottenham,Premier League,"32,00 mio. €","40,00 mio. €"
161,Ben Chilwell,Arrière gauche,20/21,Leicester City,Premier League,Chelsea,Premier League,"50,20 mio. €","40,00 mio. €"
162,Rodrigo,Avant-centre,20/21,FC Valencia,LaLiga,Leeds United,Premier League,"30,00 mio. €","40,00 mio. €"
163,Victor Osimhen,Avant-centre,20/21,LOSC Lille,Ligue 1,Napoli,Serie A,"75,00 mio. €","40,00 mio. €"
164,Nélson Semedo,Arrière droit,20/21,Barcelone,LaLiga,Wolverhampton,Premier League,"32,00 mio. €","40,00 mio. €"
165,Thomas Partey,Milieu défensif,20/21,Atlético Madrid,LaLiga,FC Arsenal,Premier League,"50,00 mio. €","40,00 mio. €"
166,Alex Telles,Arrière gauche,20/21,FC Porto,Liga NOS,Manchester Utd.,Premier League,"15,00 mio. €","40,00 mio. €"
167,Martin Ødegaard,Milieu offensif,20/21,Real Madrid,LaLiga,FC Arsenal,Premier League,"Montant du prêt:2,00 mio. €","40,00 mio. €"
168,Martin Ødegaard,Milieu offensif,21/22,Real Madrid,LaLiga,FC Arsenal,Premier League,"35,00 mio. €","40,00 mio. €"
169,Nuno Mendes,Arrière gauche,21/22,Sporting CP,Liga Bwin,Paris SG,Ligue 1,"Montant du prêt:7,00 mio. €","40,00 mio. €"
170,Saúl Ñíguez,Milieu central,21/22,Atlético Madrid,LaLiga,Chelsea,Premier League,"Montant du prêt:5,00 mio. €","40,00 mio. €"
171,Luis Díaz,Ailier gauche,21/22,FC Porto,Liga Bwin,Liverpool,Premier League,"47,00 mio. €","40,00 mio. €"
172,Antonio Rüdiger,Défenseur central,22/23,Chelsea,Premier League,Real Madrid,LaLiga,Transfert libre,"40,00 mio. €"
173,Nuno Mendes,Arrière gauche,22/23,Sporting CP,Liga Portugal,Paris SG,Ligue 1,"38,00 mio. €","40,00 mio. €"
174,Diego Carlos,Défenseur central,22/23,FC Sevilla,LaLiga,Aston Villa,Premier League,"31,00 mio. €","40,00 mio. €"
175,Gonçalo Guedes,Deuxième attaquant,22/23,FC Valencia,LaLiga,Wolverhampton,Premier League,"32,60 mio. €","40,00 mio. €"
176,Casemiro,Milieu défensif,22/23,Real Madrid,LaLiga,Manchester Utd.,Premier League,"70,65 mio. €","40,00 mio. €"
177,Wesley Fofana,Défenseur central,22/23,Leicester City,Premier League,Chelsea,Premier League,"80,40 mio. €","40,00 mio. €"
178,Benoît Badiashile,Défenseur central,22/23,AS Monaco,Ligue 1,Chelsea,Premier League,"38,00 mio. €","40,00 mio. €"
179,Mykhaylo Mudryk,Ailier gauche,22/23,Shakhtar D.,Premier Liga,Chelsea,Premier League,"70,00 mio. €","40,00 mio. €"
180,Anthony Gordon,Ailier gauche,22/23,FC Everton,Premier League,Newcastle Utd.,Premier League,"45,60 mio. €","40,00 mio. €"
181,Thiago Silva,Défenseur central,12/13,AC Milan,Serie A,Paris SG,Ligue 1,"42,00 mio. €","38,00 mio. €"
182,Juan Mata,Milieu offensif,13/14,Chelsea,Premier League,Manchester Utd.,Premier League,"44,73 mio. €","38,00 mio. €"
183,Mats Hummels,Défenseur central,16/17,Bor. Dortmund,Bundesliga,Bayern Munich,Bundesliga,"35,00 mio. €","38,00 mio. €"
184,Paulinho,Milieu central,18/19,Barcelone,LaLiga,GZ Evergrande,Super League,"42,00 mio. €","38,00 mio. €"
185,Thorgan Hazard,Ailier gauche,19/20,Bor. M'gladbach,Bundesliga,Bor. Dortmund,Bundesliga,"25,50 mio. €","38,00 mio. €"
186,Youri Tielemans,Milieu central,19/20,AS Monaco,Ligue 1,Leicester City,Premier League,"45,00 mio. €","38,00 mio. €"
187,Rodrigo de Paul,Milieu central,21/22,Udinese,Serie A,Atlético Madrid,LaLiga,"35,00 mio. €","38,00 mio. €"
188,Tammy Abraham,Avant-centre,21/22,Chelsea,Premier League,AS Roma,Serie A,"40,00 mio. €","38,00 mio. €"
189,Tanguy Ndombélé,Milieu central,21/22,Tottenham,Premier League,Ol. Lyonnais,Ligue 1,"Montant du prêt:1,42 mio. €","38,00 mio. €"
190,Zlatan Ibrahimović,Avant-centre,12/13,AC Milan,Serie A,Paris SG,Ligue 1,"21,00 mio. €","37,00 mio. €"
191,Hulk,Avant-centre,12/13,FC Porto,Liga Sagres,Zenit S-Pb,Premier Liga,"40,00 mio. €","37,00 mio. €"
192,Paco Alcácer,Avant-centre,19/20,Barcelone,LaLiga,Bor. Dortmund,Bundesliga,"21,00 mio. €","37,00 mio. €"
193,Sergio Agüero,Avant-centre,11/12,Atlético Madrid,LaLiga,Manchester City,Premier League,"40,00 mio. €","36,00 mio. €"
194,Clément Lenglet,Défenseur central,18/19,FC Sevilla,LaLiga,Barcelone,LaLiga,"35,90 mio. €","36,00 mio. €"
195,Nicolò Barella,Milieu central,19/20,Cagliari,Serie A,Inter,Serie A,"Montant du prêt:12,00 mio. €","36,00 mio. €"
196,Álvaro Morata,Avant-centre,20/21,Chelsea,Premier League,Atlético Madrid,LaLiga,"35,00 mio. €","36,00 mio. €"
197,Álvaro Morata,Avant-centre,20/21,Atlético Madrid,LaLiga,Juventus Turin,Serie A,"Montant du prêt:20,00 mio. €","36,00 mio. €"
198,Patrick Vieira,Milieu défensif,05/06,FC Arsenal,Premier League,Juventus Turin,Serie A,"20,00 mio. €","35,00 mio. €"
199,Michael Ballack,Milieu central,06/07,Bayern Munich,Bundesliga,Chelsea,Premier League,Transfert libre,"35,00 mio. €"
200,Ronaldinho,Ailier gauche,08/09,Barcelone,LaLiga,AC Milan,Serie A,"24,15 mio. €","35,00 mio. €"
201,Samuel Eto'o,Avant-centre,09/10,Barcelone,LaLiga,Inter,Serie A,"20,00 mio. €","35,00 mio. €"
202,Zlatan Ibrahimović,Avant-centre,11/12,Barcelone,LaLiga,AC Milan,Serie A,"24,00 mio. €","35,00 mio. €"
203,Lucas Moura,Ailier droit,12/13,FC São Paulo,Série A,Paris SG,Ligue 1,"40,00 mio. €","35,00 mio. €"
204,Diego Costa,Avant-centre,14/15,Atlético Madrid,LaLiga,Chelsea,Premier League,"38,00 mio. €","35,00 mio. €"
205,Radamel Falcao,Avant-centre,15/16,AS Monaco,Ligue 1,Chelsea,Premier League,"Montant du prêt:7,00 mio. €","35,00 mio. €"
206,Arda Turan,Ailier gauche,15/16,Atlético Madrid,LaLiga,Barcelone,LaLiga,"34,00 mio. €","35,00 mio. €"
207,Jackson Martínez,Avant-centre,15/16,FC Porto,Liga NOS,Atlético Madrid,LaLiga,"35,00 mio. €","35,00 mio. €"
208,Miralem Pjanic,Milieu central,15/16,AS Roma,Serie A,Juventus Turin,Serie A,"32,00 mio. €","35,00 mio. €"
209,Granit Xhaka,Milieu central,16/17,Bor. M'gladbach,Bundesliga,FC Arsenal,Premier League,"45,00 mio. €","35,00 mio. €"
210,Mario Götze,Milieu offensif,16/17,Bayern Munich,Bundesliga,Bor. Dortmund,Bundesliga,"22,00 mio. €","35,00 mio. €"
211,Oscar,Milieu offensif,16/17,Chelsea,Premier League,SH SIPG,Super League,"60,00 mio. €","35,00 mio. €"
212,Mohamed Salah,Ailier droit,17/18,AS Roma,Serie A,Liverpool,Premier League,"42,00 mio. €","35,00 mio. €"
213,Nemanja Matić,Milieu défensif,17/18,Chelsea,Premier League,Manchester Utd.,Premier League,"44,70 mio. €","35,00 mio. €"
214,Kylian Mbappé,Avant-centre,17/18,AS Monaco,Ligue 1,Paris SG,Ligue 1,Prêt,"35,00 mio. €"
215,Henrikh Mkhitaryan,Milieu offensif,17/18,Manchester Utd.,Premier League,FC Arsenal,Premier League,"34,00 mio. €","35,00 mio. €"
216,João Cancelo,Arrière droit,18/19,FC Valencia,LaLiga,Juventus Turin,Serie A,"40,40 mio. €","35,00 mio. €"
217,Vinicius Junior,Ailier gauche,18/19,Flamengo,Série A,Real Madrid,LaLiga,"45,00 mio. €","35,00 mio. €"
218,Gelson Martins,Ailier droit,18/19,Sporting CP,Liga NOS,Atlético Madrid,LaLiga,"22,00 mio. €","35,00 mio. €"
219,Leonardo Bonucci,Défenseur central,18/19,AC Milan,Serie A,Juventus Turin,Serie A,"35,00 mio. €","35,00 mio. €"
220,Arturo Vidal,Milieu central,18/19,Bayern Munich,Bundesliga,Barcelone,LaLiga,"18,00 mio. €","35,00 mio. €"
221,Adrien Rabiot,Milieu central,19/20,Paris SG,Ligue 1,Juventus Turin,Serie A,Transfert libre,"35,00 mio. €"
222,Aaron Wan-Bissaka,Arrière droit,19/20,Crystal Palace,Premier League,Manchester Utd.,Premier League,"55,00 mio. €","35,00 mio. €"
223,Mateo Kovacic,Milieu central,19/20,Real Madrid,LaLiga,Chelsea,Premier League,"45,00 mio. €","35,00 mio. €"
224,Raúl Jiménez,Avant-centre,19/20,Benfica,Liga NOS,Wolverhampton,Premier League,"38,00 mio. €","35,00 mio. €"
225,Mats Hummels,Défenseur central,19/20,Bayern Munich,Bundesliga,Bor. Dortmund,Bundesliga,"30,50 mio. €","35,00 mio. €"
226,Marko Arnautovic,Avant-centre,19/20,West Ham Utd.,Premier League,SH SIPG,Super League,"25,00 mio. €","35,00 mio. €"
227,Abdou Diallo,Défenseur central,19/20,Bor. Dortmund,Bundesliga,Paris SG,Ligue 1,"32,00 mio. €","35,00 mio. €"
228,Kieran Trippier,Arrière droit,19/20,Tottenham,Premier League,Atlético Madrid,LaLiga,"22,00 mio. €","35,00 mio. €"
229,Joelinton,Milieu offensif,19/20,TSG Hoffenheim,Bundesliga,Newcastle Utd.,Premier League,"44,00 mio. €","35,00 mio. €"
230,Ryan Sessegnon,Milieu gauche,19/20,FC Fulham,Championship,Tottenham,Premier League,"27,00 mio. €","35,00 mio. €"
231,Alexis Sánchez,Avant-centre,19/20,Manchester Utd.,Premier League,Inter,Serie A,Prêt,"35,00 mio. €"
232,Tiemoué Bakayoko,Milieu défensif,19/20,Chelsea,Premier League,AS Monaco,Ligue 1,"Montant du prêt:3,00 mio. €","35,00 mio. €"
233,Dani Olmo,Milieu offensif,19/20,Dinamo Zagreb,SuperSport HNL,RB Leipzig,Bundesliga,"29,00 mio. €","35,00 mio. €"
234,Steven Bergwijn,Ailier gauche,19/20,PSV Eindhoven,Eredivisie,Tottenham,Premier League,"30,00 mio. €","35,00 mio. €"
235,Rúben Dias,Défenseur central,20/21,Benfica,Liga NOS,Manchester City,Premier League,"71,60 mio. €","35,00 mio. €"
236,Hakan Calhanoglu,Milieu central,21/22,AC Milan,Serie A,Inter,Serie A,Transfert libre,"35,00 mio. €"
237,Ibrahima Konaté,Défenseur central,21/22,RB Leipzig,Bundesliga,Liverpool,Premier League,"40,00 mio. €","35,00 mio. €"
238,Emiliano Buendía,Ailier droit,21/22,Norwich,Premier League,Aston Villa,Premier League,"38,40 mio. €","35,00 mio. €"
239,Angeliño,Arrière gauche,21/22,Manchester City,Premier League,RB Leipzig,Bundesliga,"18,00 mio. €","35,00 mio. €"
240,Leon Bailey,Ailier gauche,21/22,B. Leverkusen,Bundesliga,Aston Villa,Premier League,"32,00 mio. €","35,00 mio. €"
241,Cristian Romero,Défenseur central,21/22,Juventus Turin,Serie A,Atalanta BC,Serie A,"17,00 mio. €","35,00 mio. €"
242,Cristian Romero,Défenseur central,21/22,Atalanta BC,Serie A,Tottenham,Premier League,Prêt,"35,00 mio. €"
243,Manuel Locatelli,Milieu défensif,21/22,Sassuolo,Serie A,Juventus Turin,Serie A,Prêt,"35,00 mio. €"
244,Moise Kean,Avant-centre,21/22,FC Everton,Premier League,Juventus Turin,Serie A,"Montant du prêt:7,00 mio. €","35,00 mio. €"
245,Robin Gosens,Milieu gauche,21/22,Atalanta BC,Serie A,Inter,Serie A,Prêt,"35,00 mio. €"
246,Niklas Süle,Défenseur central,22/23,Bayern Munich,Bundesliga,Bor. Dortmund,Bundesliga,Transfert libre,"35,00 mio. €"
247,Karim Adeyemi,Ailier gauche,22/23,RB Salzbourg,Bundesliga,Bor. Dortmund,Bundesliga,"30,00 mio. €","35,00 mio. €"
248,Yves Bissouma,Milieu central,22/23,Brighton,Premier League,Tottenham,Premier League,"29,20 mio. €","35,00 mio. €"
249,Ryan Gravenberch,Milieu central,22/23,Ajax,Eredivisie,Bayern Munich,Bundesliga,"18,50 mio. €","35,00 mio. €"
250,Andreas Christensen,Défenseur central,22/23,Chelsea,Premier League,Barcelone,LaLiga,Transfert libre,"35,00 mio. €"
251,Sébastien Haller,Avant-centre,22/23,Ajax,Eredivisie,Bor. Dortmund,Bundesliga,"31,00 mio. €","35,00 mio. €"
252,Kalidou Koulibaly,Défenseur central,22/23,Napoli,Serie A,Chelsea,Premier League,"38,00 mio. €","35,00 mio. €"
253,Paulo Dybala,Deuxième attaquant,22/23,Juventus Turin,Serie A,AS Roma,Serie A,Transfert libre,"35,00 mio. €"
254,Bremer,Défenseur central,22/23,Torino,Serie A,Juventus Turin,Serie A,"41,00 mio. €","35,00 mio. €"
255,Timo Werner,Avant-centre,22/23,Chelsea,Premier League,RB Leipzig,Bundesliga,"20,00 mio. €","35,00 mio. €"
256,Matheus Nunes,Milieu central,22/23,Sporting CP,Liga Portugal,Wolverhampton,Premier League,"45,00 mio. €","35,00 mio. €"
257,Lucas Paquetá,Milieu offensif,22/23,Ol. Lyonnais,Ligue 1,West Ham Utd.,Premier League,"42,95 mio. €","35,00 mio. €"
258,Antony,Ailier droit,22/23,Ajax,Eredivisie,Manchester Utd.,Premier League,"95,00 mio. €","35,00 mio. €"
259,Arnaut Danjuma,Ailier gauche,22/23,Villarreal CF,LaLiga,Tottenham,Premier League,"Montant du prêt:3,00 mio. €","35,00 mio. €"
260,Jorginho,Milieu défensif,22/23,Chelsea,Premier League,FC Arsenal,Premier League,"11,30 mio. €","35,00 mio. €"
261,Pedro Porro,Arrière droit,23/24,Sporting CP,Portugal,Tottenham,Angleterre,?,"35,00 mio. €"
262,Robinho,Ailier gauche,08/09,Real Madrid,LaLiga,Manchester City,Premier League,"43,00 mio. €","34,00 mio. €"
263,Eden Hazard,Ailier gauche,12/13,LOSC Lille,Ligue 1,Chelsea,Premier League,"35,00 mio. €","33,00 mio. €"
264,Ousmane Dembélé,Ailier droit,17/18,Bor. Dortmund,Bundesliga,Barcelone,LaLiga,"140,00 mio. €","33,00 mio. €"
265,Franck Kessié,Milieu central,19/20,Atalanta BC,Serie A,AC Milan,Serie A,"32,00 mio. €","33,00 mio. €"
266,Nico Schlotterbeck,Défenseur central,22/23,SC Fribourg,Bundesliga,Bor. Dortmund,Bundesliga,"20,00 mio. €","33,00 mio. €"
267,Ruud van Nistelrooy,Avant-centre,06/07,Manchester Utd.,Premier League,Real Madrid,LaLiga,"15,00 mio. €","32,00 mio. €"
268,David Silva,Milieu offensif,10/11,FC Valencia,LaLiga,Manchester City,Premier League,"28,75 mio. €","32,00 mio. €"
269,Fernandinho,Milieu défensif,13/14,Shakhtar D.,Premier Liga,Manchester City,Premier League,"40,00 mio. €","32,00 mio. €"
270,Juan Cuadrado,Milieu droit,14/15,Fiorentina,Serie A,Chelsea,Premier League,"31,00 mio. €","32,00 mio. €"
271,Hulk,Avant-centre,16/17,Zenit S-Pb,Premier Liga,SH SIPG,Super League,"56,00 mio. €","32,00 mio. €"
272,Fred,Milieu central,18/19,Shakhtar D.,Premier Liga,Manchester Utd.,Premier League,"59,00 mio. €","32,00 mio. €"
273,Kerem Demirbay,Milieu central,19/20,TSG Hoffenheim,Bundesliga,B. Leverkusen,Bundesliga,"32,00 mio. €","32,00 mio. €"
274,Krzysztof Piatek,Avant-centre,19/20,AC Milan,Serie A,Hertha BSC,Bundesliga,"24,00 mio. €","32,00 mio. €"
275,James Rodríguez,Milieu offensif,20/21,Real Madrid,LaLiga,FC Everton,Premier League,Transfert libre,"32,00 mio. €"
276,Sandro Tonali,Milieu défensif,20/21,Brescia,Serie B,AC Milan,Serie A,"Montant du prêt:5,00 mio. €","32,00 mio. €"
277,Ante Rebic,Ailier gauche,20/21,E. Francfort,Bundesliga,AC Milan,Serie A,"6,70 mio. €","32,00 mio. €"
278,Mattéo Guendouzi,Milieu central,20/21,FC Arsenal,Premier League,Hertha BSC,Bundesliga,"Montant du prêt:1,00 mio. €","32,00 mio. €"
279,Kurt Zouma,Défenseur central,21/22,Chelsea,Premier League,West Ham Utd.,Premier League,"35,00 mio. €","32,00 mio. €"
280,Anthony Martial,Avant-centre,21/22,Manchester Utd.,Premier League,FC Sevilla,LaLiga,Prêt,"32,00 mio. €"
281,Lisandro Martínez,Défenseur central,22/23,Ajax,Eredivisie,Manchester Utd.,Premier League,"57,37 mio. €","32,00 mio. €"
282,Gonçalo Guedes,Deuxième attaquant,22/23,Wolverhampton,Premier League,Benfica,Liga Portugal,Prêt,"32,00 mio. €"
283,Marcus Thuram,Avant-centre,23/24,Bor. M'gladbach,Allemagne,Sans club,Sans club,-,"32,00 mio. €"
284,Fernando Torres,Avant-centre,07/08,Atlético Madrid,LaLiga,Liverpool,Premier League,"38,00 mio. €","30,00 mio. €"
285,Pepe,Défenseur central,07/08,FC Porto,Liga Portugal,Real Madrid,LaLiga,"30,00 mio. €","30,00 mio. €"
286,Mario Gómez,Avant-centre,09/10,VfB Stuttgart,Bundesliga,Bayern Munich,Bundesliga,"30,00 mio. €","30,00 mio. €"
287,Arjen Robben,Ailier droit,09/10,Real Madrid,LaLiga,Bayern Munich,Bundesliga,"25,00 mio. €","30,00 mio. €"
288,Edin Dzeko,Avant-centre,10/11,VfL Wolfsburg,Bundesliga,Manchester City,Premier League,"37,00 mio. €","30,00 mio. €"
289,Ezequiel Lavezzi,Ailier gauche,12/13,Napoli,Serie A,Paris SG,Ligue 1,"30,00 mio. €","30,00 mio. €"
290,Javi Martínez,Milieu défensif,12/13,Athletic,LaLiga,Bayern Munich,Bundesliga,"40,00 mio. €","30,00 mio. €"
291,João Moutinho,Milieu central,13/14,FC Porto,Liga Sagres,AS Monaco,Ligue 1,"25,00 mio. €","30,00 mio. €"
292,Gonzalo Higuaín,Avant-centre,13/14,Real Madrid,LaLiga,Napoli,Serie A,"39,00 mio. €","30,00 mio. €"
293,Willian,Ailier gauche,13/14,Anzhi,Premier Liga,Chelsea,Premier League,"35,50 mio. €","30,00 mio. €"
294,Alexis Sánchez,Avant-centre,14/15,Barcelone,LaLiga,FC Arsenal,Premier League,"42,50 mio. €","30,00 mio. €"
295,Mario Mandzukic,Avant-centre,14/15,Bayern Munich,Bundesliga,Atlético Madrid,LaLiga,"22,00 mio. €","30,00 mio. €"
296,Antoine Griezmann,Deuxième attaquant,14/15,Real Sociedad,LaLiga,Atlético Madrid,LaLiga,"30,00 mio. €","30,00 mio. €"
297,Juan Cuadrado,Milieu droit,15/16,Chelsea,Premier League,Juventus Turin,Serie A,"Montant du prêt:1,80 mio. €","30,00 mio. €"
298,Jackson Martínez,Avant-centre,15/16,Atlético Madrid,LaLiga,GZ Evergrande,Super League,"42,00 mio. €","30,00 mio. €"
299,Alex Teixeira,Milieu offensif,15/16,Shakhtar D.,Premier Liga,JS Suning,Super League,"50,00 mio. €","30,00 mio. €"
300,Álvaro Morata,Avant-centre,16/17,Juventus Turin,Serie A,Real Madrid,LaLiga,"30,00 mio. €","30,00 mio. €"
301,Ilkay Gündogan,Milieu central,16/17,Bor. Dortmund,Bundesliga,Manchester City,Premier League,"27,00 mio. €","30,00 mio. €"
302,Nico Gaitán,Milieu offensif,16/17,Benfica,Liga NOS,Atlético Madrid,LaLiga,"25,00 mio. €","30,00 mio. €"
303,Grzegorz Krychowiak,Milieu défensif,16/17,FC Sevilla,LaLiga,Paris SG,Ligue 1,"27,50 mio. €","30,00 mio. €"
304,Henrikh Mkhitaryan,Milieu offensif,16/17,Bor. Dortmund,Bundesliga,Manchester Utd.,Premier League,"42,00 mio. €","30,00 mio. €"
305,André Gomes,Milieu central,16/17,FC Valencia,LaLiga,Barcelone,LaLiga,"37,00 mio. €","30,00 mio. €"
306,Leroy Sané,Ailier droit,16/17,FC Schalke 04,Bundesliga,Manchester City,Premier League,"52,00 mio. €","30,00 mio. €"
307,João Mário,Milieu central,16/17,Sporting CP,Liga NOS,Inter,Serie A,"44,78 mio. €","30,00 mio. €"
308,Dimitri Payet,Milieu offensif,16/17,West Ham Utd.,Premier League,Marseille,Ligue 1,"29,30 mio. €","30,00 mio. €"
309,Douglas Costa,Ailier droit,17/18,Bayern Munich,Bundesliga,Juventus Turin,Serie A,"Montant du prêt:6,00 mio. €","30,00 mio. €"
310,Kyle Walker,Arrière droit,17/18,Tottenham,Premier League,Manchester City,Premier League,"52,70 mio. €","30,00 mio. €"
311,Federico Bernardeschi,Ailier droit,17/18,Fiorentina,Serie A,Juventus Turin,Serie A,"40,00 mio. €","30,00 mio. €"
312,Blaise Matuidi,Milieu central,17/18,Paris SG,Ligue 1,Juventus Turin,Serie A,"25,00 mio. €","30,00 mio. €"
313,Virgil van Dijk,Défenseur central,17/18,Southampton,Premier League,Liverpool,Premier League,"84,65 mio. €","30,00 mio. €"
314,Emre Can,Milieu défensif,18/19,Liverpool,Premier League,Juventus Turin,Serie A,Transfert libre,"30,00 mio. €"
315,Geoffrey Kondogbia,Milieu défensif,18/19,Inter,Serie A,FC Valencia,LaLiga,"22,00 mio. €","30,00 mio. €"
316,Arthur Melo,Milieu central,18/19,Grêmio,Série A,Barcelone,LaLiga,"31,00 mio. €","30,00 mio. €"
317,Lucas Torreira,Milieu défensif,18/19,Sampdoria,Serie A,FC Arsenal,Premier League,"28,65 mio. €","30,00 mio. €"
318,Jean Michaël Seri,Milieu central,18/19,OGC Nice,Ligue 1,FC Fulham,Premier League,"30,00 mio. €","30,00 mio. €"
319,Felipe Anderson,Ailier droit,18/19,Lazio Rome,Serie A,West Ham Utd.,Premier League,"38,00 mio. €","30,00 mio. €"
320,Mateo Kovacic,Milieu central,18/19,Real Madrid,LaLiga,Chelsea,Premier League,Prêt,"30,00 mio. €"
321,Keita Baldé,Avant-centre,18/19,AS Monaco,Ligue 1,Inter,Serie A,"Montant du prêt:5,00 mio. €","30,00 mio. €"
322,Steven Nzonzi,Milieu défensif,18/19,FC Sevilla,LaLiga,AS Roma,Serie A,"26,65 mio. €","30,00 mio. €"
323,Giovani Lo Celso,Milieu central,18/19,Paris SG,Ligue 1,Real Betis,LaLiga,"Montant du prêt:3,00 mio. €","30,00 mio. €"
324,Michy Batshuayi,Avant-centre,18/19,Chelsea,Premier League,Crystal Palace,Premier League,"Montant du prêt:1,15 mio. €","30,00 mio. €"
325,Marek Hamsik,Milieu central,18/19,Napoli,Serie A,DL Yifang,Super League,"20,00 mio. €","30,00 mio. €"
326,Ferland Mendy,Arrière gauche,19/20,Ol. Lyonnais,Ligue 1,Real Madrid,LaLiga,"48,00 mio. €","30,00 mio. €"
327,Benjamin Pavard,Arrière droit,19/20,VfB Stuttgart,2. Bundesliga,Bayern Munich,Bundesliga,"35,00 mio. €","30,00 mio. €"
328,Matteo Politano,Ailier droit,19/20,Sassuolo,Serie A,Inter,Serie A,"21,10 mio. €","30,00 mio. €"
329,Stephan El Shaarawy,Ailier gauche,19/20,AS Roma,Serie A,SH Shenhua,Super League,"16,00 mio. €","30,00 mio. €"
330,Santi Mina,Avant-centre,19/20,FC Valencia,LaLiga,Celta de Vigo,LaLiga,Transfert libre,"30,00 mio. €"
331,Dani Ceballos,Milieu central,19/20,Real Madrid,LaLiga,FC Arsenal,Premier League,Prêt,"30,00 mio. €"
332,Ismaïla Sarr,Ailier droit,19/20,Rennes,Ligue 1,Watford,Premier League,"30,00 mio. €","30,00 mio. €"
333,Ivan Perisic,Milieu gauche,19/20,Inter,Serie A,Bayern Munich,Bundesliga,"Montant du prêt:5,00 mio. €","30,00 mio. €"
334,Suso,Ailier droit,19/20,AC Milan,Serie A,FC Sevilla,LaLiga,Montant du prêt:980 K €,"30,00 mio. €"
335,Emre Can,Milieu défensif,19/20,Juventus Turin,Serie A,Bor. Dortmund,Bundesliga,"Montant du prêt:1,00 mio. €","30,00 mio. €"
336,Takefusa Kubo,Ailier droit,20/21,Real Madrid,LaLiga,Villarreal CF,LaLiga,"Montant du prêt:1,25 mio. €","30,00 mio. €"
337,Lucas Torreira,Milieu défensif,20/21,FC Arsenal,Premier League,Atlético Madrid,LaLiga,Prêt,"30,00 mio. €"
338,Sébastien Haller,Avant-centre,20/21,West Ham Utd.,Premier League,Ajax,Eredivisie,"22,50 mio. €","30,00 mio. €"
339,Moussa Dembélé,Avant-centre,20/21,Ol. Lyonnais,Ligue 1,Atlético Madrid,LaLiga,"Montant du prêt:1,50 mio. €","30,00 mio. €"
340,Georginio Wijnaldum,Milieu central,21/22,Liverpool,Premier League,Paris SG,Ligue 1,Transfert libre,"30,00 mio. €"
341,Matteo Politano,Ailier droit,21/22,Inter,Serie A,Napoli,Serie A,"21,00 mio. €","30,00 mio. €"
342,Bryan Gil,Ailier gauche,21/22,FC Sevilla,LaLiga,Tottenham,Premier League,"25,00 mio. €","30,00 mio. €"
343,Donyell Malen,Ailier droit,21/22,PSV Eindhoven,Eredivisie,Bor. Dortmund,Bundesliga,"30,00 mio. €","30,00 mio. €"
344,Matheus Cunha,Avant-centre,21/22,Hertha BSC,Bundesliga,Atlético Madrid,LaLiga,"30,00 mio. €","30,00 mio. €"
345,Joaquín Correa,Deuxième attaquant,21/22,Lazio Rome,Serie A,Inter,Serie A,"Montant du prêt:6,00 mio. €","30,00 mio. €"
346,Nikola Vlasic,Milieu offensif,21/22,CSKA Moscou,Premier Liga,West Ham Utd.,Premier League,"30,00 mio. €","30,00 mio. €"
347,Lucas Digne,Arrière gauche,21/22,FC Everton,Premier League,Aston Villa,Premier League,"30,00 mio. €","30,00 mio. €"
348,Bruno Guimarães,Milieu défensif,21/22,Ol. Lyonnais,Ligue 1,Newcastle Utd.,Premier League,"42,10 mio. €","30,00 mio. €"
349,Dejan Kulusevski,Ailier droit,21/22,Juventus Turin,Serie A,Tottenham,Premier League,"Montant du prêt:10,00 mio. €","30,00 mio. €"
350,Vitinha,Milieu central,22/23,FC Porto,Liga Portugal,Paris SG,Ligue 1,"41,50 mio. €","30,00 mio. €"
351,Sven Botman,Défenseur central,22/23,LOSC Lille,Ligue 1,Newcastle Utd.,Premier League,"37,00 mio. €","30,00 mio. €"
352,Frank Anguissa,Milieu central,22/23,FC Fulham,Premier League,Napoli,Serie A,"16,00 mio. €","30,00 mio. €"
353,Gianluca Scamacca,Avant-centre,22/23,Sassuolo,Serie A,West Ham Utd.,Premier League,"36,00 mio. €","30,00 mio. €"
354,Charles De Ketelaere,Milieu offensif,22/23,FC Bruges,Jupiler Pro League,AC Milan,Serie A,"32,00 mio. €","30,00 mio. €"
355,Angeliño,Arrière gauche,22/23,RB Leipzig,Bundesliga,TSG Hoffenheim,Bundesliga,Prêt,"30,00 mio. €"
356,Tanguy Ndombélé,Milieu central,22/23,Tottenham,Premier League,Napoli,Serie A,Montant du prêt:500 K €,"30,00 mio. €"
357,Alexander Isak,Avant-centre,22/23,Real Sociedad,LaLiga,Newcastle Utd.,Premier League,"70,00 mio. €","30,00 mio. €"
358,Renan Lodi,Arrière gauche,22/23,Atlético Madrid,LaLiga,Nottm Forest,Premier League,"Montant du prêt:5,00 mio. €","30,00 mio. €"
359,Manuel Akanji,Défenseur central,22/23,Bor. Dortmund,Bundesliga,Manchester City,Premier League,"17,50 mio. €","30,00 mio. €"
360,Leandro Trossard,Ailier gauche,22/23,Brighton,Premier League,FC Arsenal,Premier League,"24,00 mio. €","30,00 mio. €"
361,Nicolò Zaniolo,Milieu offensif,22/23,AS Roma,Serie A,Galatasaray,Süper Lig,"15,00 mio. €","30,00 mio. €"
362,Manuel Locatelli,Milieu défensif,23/24,Sassuolo,Italie,Juventus Turin,Italie,"30,00 mio. €","30,00 mio. €"
363,Daichi Kamada,Milieu offensif,23/24,E. Francfort,Allemagne,Sans club,Sans club,-,"30,00 mio. €"
364,Diego,Milieu offensif,09/10,Werder Bremen,Bundesliga,Juventus Turin,Serie A,"27,00 mio. €","29,00 mio. €"
365,Karim Benzema,Avant-centre,09/10,Ol. Lyonnais,Ligue 1,Real Madrid,LaLiga,"35,00 mio. €","29,00 mio. €"
366,Luca Toni,Avant-centre,07/08,Fiorentina,Serie A,Bayern Munich,Bundesliga,"11,00 mio. €","28,50 mio. €"
367,Alexandre Pato,Avant-centre,12/13,AC Milan,Serie A,Corinthians,Série A,"15,00 mio. €","28,50 mio. €"
368,Patrick Vieira,Milieu défensif,06/07,Juventus Turin,Serie B,Inter,Serie A,"9,50 mio. €","28,00 mio. €"
369,Robinho,Ailier gauche,09/10,Manchester City,Premier League,Santos,Série A,Prêt,"28,00 mio. €"
370,Robinho,Ailier gauche,10/11,Manchester City,Premier League,AC Milan,Serie A,"21,00 mio. €","28,00 mio. €"
371,Manuel Neuer,Gardien de but,11/12,FC Schalke 04,Bundesliga,Bayern Munich,Bundesliga,"30,00 mio. €","28,00 mio. €"
372,Mario Gómez,Avant-centre,13/14,Bayern Munich,Bundesliga,Fiorentina,Serie A,"15,50 mio. €","28,00 mio. €"
373,Stevan Jovetic,Avant-centre,13/14,Fiorentina,Serie A,Manchester City,Premier League,"26,00 mio. €","28,00 mio. €"
374,Roberto Soldado,Avant-centre,13/14,FC Valencia,LaLiga,Tottenham,Premier League,"30,00 mio. €","28,00 mio. €"
375,Marouane Fellaini,Milieu central,13/14,FC Everton,Premier League,Manchester Utd.,Premier League,"32,40 mio. €","28,00 mio. €"
376,Eliaquim Mangala,Défenseur central,14/15,FC Porto,Liga NOS,Manchester City,Premier League,"45,00 mio. €","28,00 mio. €"
377,Medhi Benatia,Défenseur central,14/15,AS Roma,Serie A,Bayern Munich,Bundesliga,"28,00 mio. €","28,00 mio. €"
378,Paulo Dybala,Deuxième attaquant,15/16,Palermo,Serie A,Juventus Turin,Serie A,"41,00 mio. €","28,00 mio. €"
379,Memphis Depay,Avant-centre,15/16,PSV Eindhoven,Eredivisie,Manchester Utd.,Premier League,"34,00 mio. €","28,00 mio. €"
380,Morgan Schneiderlin,Milieu défensif,15/16,Southampton,Premier League,Manchester Utd.,Premier League,"35,00 mio. €","28,00 mio. €"
381,John Stones,Défenseur central,16/17,FC Everton,Premier League,Manchester City,Premier League,"55,60 mio. €","28,00 mio. €"
382,David Luiz,Défenseur central,16/17,Paris SG,Ligue 1,Chelsea,Premier League,"35,00 mio. €","28,00 mio. €"
383,Julian Draxler,Ailier gauche,16/17,VfL Wolfsburg,Bundesliga,Paris SG,Ligue 1,"36,00 mio. €","28,00 mio. €"
384,Morgan Schneiderlin,Milieu défensif,16/17,Manchester Utd.,Premier League,FC Everton,Premier League,"23,00 mio. €","28,00 mio. €"
385,Lucas Moura,Ailier droit,17/18,Paris SG,Ligue 1,Tottenham,Premier League,"28,40 mio. €","28,00 mio. €"
386,Kevin Strootman,Milieu central,18/19,AS Roma,Serie A,Marseille,Ligue 1,"25,00 mio. €","28,00 mio. €"
387,Gelson Martins,Ailier droit,19/20,Atlético Madrid,LaLiga,AS Monaco,Ligue 1,"30,00 mio. €","28,00 mio. €"
388,André Gomes,Milieu central,19/20,Barcelone,LaLiga,FC Everton,Premier League,"25,00 mio. €","28,00 mio. €"
389,Patrick Cutrone,Avant-centre,19/20,AC Milan,Serie A,Wolverhampton,Premier League,"18,00 mio. €","28,00 mio. €"
390,Jean-Philippe Gbamin,Milieu défensif,19/20,1.FSV Mainz 05,Bundesliga,FC Everton,Premier League,"25,00 mio. €","28,00 mio. €"
391,Radja Nainggolan,Milieu central,19/20,Inter,Serie A,Cagliari,Serie A,Prêt,"28,00 mio. €"
392,Borja Iglesias,Avant-centre,19/20,Esp. Barcelona,LaLiga,Real Betis,LaLiga,"28,00 mio. €","28,00 mio. €"
393,Matteo Politano,Ailier droit,19/20,Inter,Serie A,Napoli,Serie A,"Montant du prêt:2,50 mio. €","28,00 mio. €"
394,Yannick Carrasco,Ailier gauche,19/20,DL Pro,Super League,Atlético Madrid,LaLiga,Prêt,"28,00 mio. €"
395,Luis Suárez,Avant-centre,20/21,Barcelone,LaLiga,Atlético Madrid,LaLiga,"9,00 mio. €","28,00 mio. €"
396,Nathan Aké,Défenseur central,20/21,Bournemouth,Championship,Manchester City,Premier League,"45,30 mio. €","28,00 mio. €"
397,Everton,Ailier gauche,20/21,Grêmio,Série A,Benfica,Liga NOS,"20,00 mio. €","28,00 mio. €"
398,Kevin Volland,Avant-centre,20/21,B. Leverkusen,Bundesliga,AS Monaco,Ligue 1,"11,00 mio. €","28,00 mio. €"
399,Allan,Milieu défensif,20/21,Napoli,Serie A,FC Everton,Premier League,"24,60 mio. €","28,00 mio. €"
400,Gareth Bale,Ailier droit,20/21,Real Madrid,LaLiga,Tottenham,Premier League,Prêt,"28,00 mio. €"
401,Diogo Jota,Ailier gauche,20/21,Wolverhampton,Premier League,Liverpool,Premier League,"44,70 mio. €","28,00 mio. €"
402,Fikayo Tomori,Défenseur central,21/22,Chelsea,Premier League,AC Milan,Serie A,"31,60 mio. €","28,00 mio. €"
403,Boubakary Soumaré,Milieu défensif,21/22,LOSC Lille,Ligue 1,Leicester City,Premier League,"20,00 mio. €","28,00 mio. €"
404,Ben White,Arrière droit,21/22,Brighton,Premier League,FC Arsenal,Premier League,"58,50 mio. €","28,00 mio. €"
405,Merih Demiral,Défenseur central,21/22,Juventus Turin,Serie A,Atalanta BC,Serie A,Prêt,"28,00 mio. €"
406,James Rodríguez,Milieu offensif,21/22,FC Everton,Premier League,Al-Rayyan SC,Stars League,"8,00 mio. €","28,00 mio. €"
407,Adama Traoré,Ailier droit,21/22,Wolverhampton,Premier League,Barcelone,LaLiga,Prêt,"28,00 mio. €"
408,Bryan Gil,Ailier gauche,21/22,Tottenham,Premier League,FC Valencia,LaLiga,Montant du prêt:500 K €,"28,00 mio. €"
409,Hugo Ekitiké,Avant-centre,22/23,Stade de Reims,Ligue 1,Paris SG,Ligue 1,Prêt,"28,00 mio. €"
410,Renato Sanches,Milieu central,22/23,LOSC Lille,Ligue 1,Paris SG,Ligue 1,"15,00 mio. €","28,00 mio. €"
411,Marc Cucurella,Arrière gauche,22/23,Brighton,Premier League,Chelsea,Premier League,"65,30 mio. €","28,00 mio. €"
412,Giacomo Raspadori,Deuxième attaquant,22/23,Sassuolo,Serie A,Napoli,Serie A,"Montant du prêt:5,00 mio. €","28,00 mio. €"
413,Leander Dendoncker,Milieu défensif,22/23,Wolverhampton,Premier League,Aston Villa,Premier League,"15,00 mio. €","28,00 mio. €"
414,Ronaldo,Avant-centre,06/07,Real Madrid,LaLiga,AC Milan,Serie A,"7,50 mio. €","27,50 mio. €"
415,Ronaldinho,Ailier gauche,10/11,AC Milan,Serie A,Flamengo,Série A,"3,00 mio. €","27,50 mio. €"
416,Sergio Ramos,Défenseur central,05/06,FC Sevilla,LaLiga,Real Madrid,LaLiga,"27,00 mio. €","27,00 mio. €"
417,Xabi Alonso,Milieu défensif,09/10,Liverpool,Premier League,Real Madrid,LaLiga,"34,50 mio. €","27,00 mio. €"
418,Mesut Özil,Milieu offensif,10/11,Werder Bremen,Bundesliga,Real Madrid,LaLiga,"18,00 mio. €","27,00 mio. €"
419,Carlos Tevez,Deuxième attaquant,13/14,Manchester City,Premier League,Juventus Turin,Serie A,"9,00 mio. €","27,00 mio. €"
420,Nemanja Matić,Milieu défensif,13/14,Benfica,Liga Sagres,Chelsea,Premier League,"25,00 mio. €","27,00 mio. €"
421,Mario Balotelli,Avant-centre,14/15,AC Milan,Serie A,Liverpool,Premier League,"20,00 mio. €","27,00 mio. €"
422,Christian Benteke,Avant-centre,16/17,Liverpool,Premier League,Crystal Palace,Premier League,"31,20 mio. €","27,00 mio. €"
423,Sandro Tonali,Milieu défensif,21/22,Brescia,Serie B,AC Milan,Serie A,"14,50 mio. €","27,00 mio. €"
424,Denis Zakaria,Milieu défensif,21/22,Bor. M'gladbach,Bundesliga,Juventus Turin,Serie A,"10,10 mio. €","27,00 mio. €"
425,Xaver Schlager,Milieu central,22/23,VfL Wolfsburg,Bundesliga,RB Leipzig,Bundesliga,"12,00 mio. €","27,00 mio. €"
426,Mohamed Camara,Milieu défensif,22/23,RB Salzbourg,Bundesliga,AS Monaco,Ligue 1,"15,00 mio. €","27,00 mio. €"
427,Denis Zakaria,Milieu défensif,22/23,Juventus Turin,Serie A,Chelsea,Premier League,"Montant du prêt:3,00 mio. €","27,00 mio. €"
428,Michael Carrick,Milieu défensif,06/07,Tottenham,Premier League,Manchester Utd.,Premier League,"27,20 mio. €","26,50 mio. €"
429,Émerson,Milieu défensif,06/07,Juventus Turin,Serie B,Real Madrid,LaLiga,"16,00 mio. €","26,00 mio. €"
430,Gianluca Zambrotta,Arrière droit,06/07,Juventus Turin,Serie B,Barcelone,LaLiga,"14,00 mio. €","26,00 mio. €"
431,Dimitar Berbatov,Avant-centre,08/09,Tottenham,Premier League,Manchester Utd.,Premier League,"38,00 mio. €","26,00 mio. €"
432,Mario Balotelli,Avant-centre,10/11,Inter,Serie A,Manchester City,Premier League,"29,50 mio. €","26,00 mio. €"
433,Javier Mascherano,Milieu défensif,10/11,Liverpool,Premier League,Barcelone,LaLiga,"20,00 mio. €","26,00 mio. €"
434,Samir Nasri,Milieu offensif,11/12,FC Arsenal,Premier League,Manchester City,Premier League,"27,50 mio. €","26,00 mio. €"
435,Juan Mata,Milieu offensif,11/12,FC Valencia,LaLiga,Chelsea,Premier League,"26,70 mio. €","26,00 mio. €"
436,David Luiz,Défenseur central,14/15,Chelsea,Premier League,Paris SG,Ligue 1,"49,50 mio. €","26,00 mio. €"
437,João Mário,Milieu central,17/18,Inter,Serie A,West Ham Utd.,Premier League,"Montant du prêt:1,20 mio. €","26,00 mio. €"
438,Tiemoué Bakayoko,Milieu défensif,20/21,Chelsea,Premier League,Napoli,Serie A,"Montant du prêt:1,75 mio. €","25,50 mio. €"
439,Robinho,Ailier gauche,05/06,Santos,Série A,Real Madrid,LaLiga,"24,00 mio. €","25,00 mio. €"
440,Zlatan Ibrahimović,Avant-centre,06/07,Juventus Turin,Serie B,Inter,Serie A,"24,80 mio. €","25,00 mio. €"
441,Owen Hargreaves,Milieu défensif,07/08,Bayern Munich,Bundesliga,Manchester Utd.,Premier League,"25,00 mio. €","25,00 mio. €"
442,Anderson,Milieu central,07/08,FC Porto,Liga Portugal,Manchester Utd.,Premier League,"31,50 mio. €","25,00 mio. €"
443,Nani,Ailier gauche,07/08,Sporting CP,Liga Portugal,Manchester Utd.,Premier League,"25,50 mio. €","25,00 mio. €"
444,Ricardo Quaresma,Ailier droit,08/09,Inter,Serie A,Chelsea,Premier League,Prêt,"25,00 mio. €"
445,Carlos Tevez,Deuxième attaquant,09/10,West Ham Utd.,Premier League,Manchester City,Premier League,"29,00 mio. €","25,00 mio. €"
446,Emmanuel Adebayor,Avant-centre,09/10,FC Arsenal,Premier League,Manchester City,Premier League,"29,00 mio. €","25,00 mio. €"
447,Luis Suárez,Avant-centre,10/11,Ajax,Eredivisie,Liverpool,Premier League,"26,50 mio. €","25,00 mio. €"
448,Alexis Sánchez,Avant-centre,11/12,Udinese,Serie A,Barcelone,LaLiga,"26,00 mio. €","25,00 mio. €"
449,Radamel Falcao,Avant-centre,11/12,FC Porto,Liga Sagres,Atlético Madrid,LaLiga,"40,00 mio. €","25,00 mio. €"
450,Willian,Ailier gauche,12/13,Shakhtar D.,Premier Liga,Anzhi,Premier Liga,"35,00 mio. €","25,00 mio. €"
451,Isco,Milieu offensif,13/14,Málaga CF,LaLiga,Real Madrid,LaLiga,"30,00 mio. €","25,00 mio. €"
452,Romelu Lukaku,Avant-centre,14/15,Chelsea,Premier League,FC Everton,Premier League,"35,36 mio. €","25,00 mio. €"
453,Roberto Firmino,Avant-centre,15/16,TSG Hoffenheim,Bundesliga,Liverpool,Premier League,"41,00 mio. €","25,00 mio. €"
454,Danilo,Arrière droit,15/16,FC Porto,Liga NOS,Real Madrid,LaLiga,"31,50 mio. €","25,00 mio. €"
455,Carlos Bacca,Avant-centre,15/16,FC Sevilla,LaLiga,AC Milan,Serie A,"33,30 mio. €","25,00 mio. €"
456,Nicolás Otamendi,Défenseur central,15/16,FC Valencia,LaLiga,Manchester City,Premier League,"44,50 mio. €","25,00 mio. €"
457,Ramires,Milieu central,15/16,Chelsea,Premier League,JS Suning,Super League,"28,00 mio. €","25,00 mio. €"
458,André Schürrle,Ailier gauche,16/17,VfL Wolfsburg,Bundesliga,Bor. Dortmund,Bundesliga,"30,00 mio. €","25,00 mio. €"
459,Paco Alcácer,Avant-centre,16/17,FC Valencia,LaLiga,Barcelone,LaLiga,"30,00 mio. €","25,00 mio. €"
460,Antonio Rüdiger,Défenseur central,17/18,AS Roma,Serie A,Chelsea,Premier League,"35,00 mio. €","25,00 mio. €"
461,Vitolo,Ailier gauche,17/18,FC Sevilla,LaLiga,Atlético Madrid,LaLiga,"35,60 mio. €","25,00 mio. €"
462,Gylfi Sigurdsson,Milieu offensif,17/18,Swansea City,Premier League,FC Everton,Premier League,"49,40 mio. €","25,00 mio. €"
463,Davinson Sánchez,Défenseur central,17/18,Ajax,Eredivisie,Tottenham,Premier League,"42,00 mio. €","25,00 mio. €"
464,Keita Baldé,Avant-centre,17/18,Lazio Rome,Serie A,AS Monaco,Ligue 1,"30,00 mio. €","25,00 mio. €"
465,Cédric Bakambu,Avant-centre,17/18,Villarreal CF,LaLiga,BJ Guoan,Super League,"40,00 mio. €","25,00 mio. €"
466,Aymeric Laporte,Défenseur central,17/18,Athletic,LaLiga,Manchester City,Premier League,"65,00 mio. €","25,00 mio. €"
467,Iñigo Martínez,Défenseur central,17/18,Real Sociedad,LaLiga,Athletic,LaLiga,"32,00 mio. €","25,00 mio. €"
468,Simone Verdi,Milieu offensif,18/19,FC Bologna,Serie A,Napoli,Serie A,"24,50 mio. €","25,00 mio. €"
469,Lautaro Martínez,Avant-centre,18/19,Racing Club,Superliga,Inter,Serie A,"25,00 mio. €","25,00 mio. €"
470,Álvaro Odriozola,Arrière droit,18/19,Real Sociedad,LaLiga,Real Madrid,LaLiga,"32,00 mio. €","25,00 mio. €"
471,Richarlison,Avant-centre,18/19,Watford,Premier League,FC Everton,Premier League,"39,20 mio. €","25,00 mio. €"
472,Aleksandr Golovin,Milieu offensif,18/19,CSKA Moscou,Premier Liga,AS Monaco,Ligue 1,"30,00 mio. €","25,00 mio. €"
473,Mattia Caldara,Défenseur central,18/19,Juventus Turin,Serie A,AC Milan,Serie A,"37,74 mio. €","25,00 mio. €"
474,Leandro Paredes,Milieu défensif,18/19,Zenit S-Pb,Premier Liga,Paris SG,Ligue 1,"40,00 mio. €","25,00 mio. €"
475,Pablo Fornals,Milieu offensif,19/20,Villarreal CF,LaLiga,West Ham Utd.,Premier League,"28,00 mio. €","25,00 mio. €"
476,Alex Meret,Gardien de but,19/20,Udinese,Serie A,Napoli,Serie A,"26,00 mio. €","25,00 mio. €"
477,Nico Schulz,Arrière gauche,19/20,TSG Hoffenheim,Bundesliga,Bor. Dortmund,Bundesliga,"25,50 mio. €","25,00 mio. €"
478,Thiago Mendes,Milieu défensif,19/20,LOSC Lille,Ligue 1,Ol. Lyonnais,Ligue 1,"22,00 mio. €","25,00 mio. €"
479,Ander Herrera,Milieu central,19/20,Manchester Utd.,Premier League,Paris SG,Ligue 1,Transfert libre,"25,00 mio. €"
480,Joachim Andersen,Défenseur central,19/20,Sampdoria,Serie A,Ol. Lyonnais,Ligue 1,"24,00 mio. €","25,00 mio. €"
481,Mario Hermoso,Défenseur central,19/20,Esp. Barcelona,LaLiga,Atlético Madrid,LaLiga,"25,00 mio. €","25,00 mio. €"
482,Idrissa Gueye,Milieu central,19/20,FC Everton,Premier League,Paris SG,Ligue 1,"30,00 mio. €","25,00 mio. €"
483,Alex Iwobi,Milieu offensif,19/20,FC Arsenal,Premier League,FC Everton,Premier League,"30,40 mio. €","25,00 mio. €"
484,Rony Lopes,Ailier droit,19/20,AS Monaco,Ligue 1,FC Sevilla,LaLiga,"25,00 mio. €","25,00 mio. €"
485,Dejan Kulusevski,Ailier droit,19/20,Atalanta BC,Serie A,Juventus Turin,Serie A,"35,00 mio. €","25,00 mio. €"
486,Dejan Kulusevski,Ailier droit,19/20,Juventus Turin,Serie A,Parma,Serie A,Prêt,"25,00 mio. €"
487,Reinier,Milieu offensif,19/20,Flamengo,Série A,Real Madrid,LaLiga,"30,00 mio. €","25,00 mio. €"
488,Jonathan David,Avant-centre,20/21,La Gantoise,Jupiler Pro League,LOSC Lille,Ligue 1,"27,00 mio. €","25,00 mio. €"
489,Patrik Schick,Avant-centre,20/21,AS Roma,Serie A,B. Leverkusen,Bundesliga,"26,50 mio. €","25,00 mio. €"
490,Sergio Reguilón,Arrière gauche,20/21,Real Madrid,LaLiga,Tottenham,Premier League,"30,00 mio. €","25,00 mio. €"
491,Dominik Szoboszlai,Milieu offensif,20/21,RB Salzbourg,Bundesliga,RB Leipzig,Bundesliga,"22,00 mio. €","25,00 mio. €"
492,Marash Kumbulla,Défenseur central,21/22,Hellas Verona,Serie A,AS Roma,Serie A,"26,50 mio. €","25,00 mio. €"
493,Emerson Royal,Arrière droit,21/22,Barcelone,LaLiga,Tottenham,Premier League,"25,00 mio. €","25,00 mio. €"
494,Dele Alli,Milieu offensif,21/22,Tottenham,Premier League,FC Everton,Premier League,Transfert libre,"25,00 mio. €"
495,Boubacar Kamara,Milieu défensif,22/23,Marseille,Ligue 1,Aston Villa,Premier League,Transfert libre,"25,00 mio. €"
496,Fábio Vieira,Milieu offensif,22/23,FC Porto,Liga Portugal,FC Arsenal,Premier League,"35,00 mio. €","25,00 mio. €"
497,Brenden Aaronson,Milieu offensif,22/23,RB Salzbourg,Bundesliga,Leeds United,Premier League,"32,84 mio. €","25,00 mio. €"
498,Lorenzo Insigne,Ailier gauche,22/23,Napoli,Serie A,Toronto,MLS,Transfert libre,"25,00 mio. €"
499,Luis Sinisterra,Ailier gauche,22/23,Feyenoord,Eredivisie,Leeds United,Premier League,"25,00 mio. €","25,00 mio. €"
500,Oleksandr Zinchenko,Arrière gauche,22/23,Manchester City,Premier League,FC Arsenal,Premier League,"35,00 mio. €","25,00 mio. €"
