#,Joueur,Position,Âge,Valeur marchande
1,Kylian Mbappé,Avant-centre,24,"180,00 mio. €"
2,Erling Haaland,Avant-centre,22,"170,00 mio. €"
3,Jude Bellingham,Milieu central,19,"120,00 mio. €"
4,Vinicius Junior,Ailier gauche,22,"120,00 mio. €"
5,Jamal Musiala,Milieu offensif,20,"110,00 mio. €"
6,Bukayo Saka,Ailier droit,21,"110,00 mio. €"
7,Phil Foden,Ailier gauche,22,"110,00 mio. €"
8,Pedri,Milieu central,20,"100,00 mio. €"
9,Victor Osimhen,Avant-centre,24,"100,00 mio. €"
10,Federico Valverde,Milieu central,24,"100,00 mio. €"
11,Gavi,Milieu central,18,"90,00 mio. €"
12,Aurélien Tchouaméni,Milieu défensif,23,"90,00 mio. €"
13,Harry Kane,Avant-centre,29,"90,00 mio. €"
14,Enzo Fernández,Milieu défensif,22,"85,00 mio. €"
15,Florian Wirtz,Milieu offensif,19,"85,00 mio. €"
16,Khvicha Kvaratskhelia,Ailier gauche,22,"85,00 mio. €"
17,Rodrygo,Ailier droit,22,"80,00 mio. €"
18,Lautaro Martínez,Avant-centre,25,"80,00 mio. €"
19,Declan Rice,Milieu défensif,24,"80,00 mio. €"
20,Rodri,Milieu défensif,26,"80,00 mio. €"
21,Rafael Leão,Ailier gauche,23,"80,00 mio. €"
22,Christopher Nkunku,Deuxième attaquant,25,"80,00 mio. €"
23,Martin Ødegaard,Milieu offensif,24,"80,00 mio. €"
24,Marcus Rashford,Ailier gauche,25,"80,00 mio. €"
25,Bernardo Silva,Milieu offensif,28,"80,00 mio. €"
26,Joshua Kimmich,Milieu défensif,28,"80,00 mio. €"
27,Kevin De Bruyne,Milieu offensif,31,"80,00 mio. €"
28,Luis Díaz,Ailier gauche,26,"75,00 mio. €"
29,Josko Gvardiol,Défenseur central,21,"75,00 mio. €"
30,Gabriel Jesus,Avant-centre,26,"75,00 mio. €"
31,Dusan Vlahovic,Avant-centre,23,"75,00 mio. €"
32,Matthijs de Ligt,Défenseur central,23,"75,00 mio. €"
33,Rúben Dias,Défenseur central,25,"75,00 mio. €"
34,Bruno Fernandes,Milieu offensif,28,"75,00 mio. €"
35,Gabriel Martinelli,Ailier gauche,21,"70,00 mio. €"
36,Antony,Ailier droit,23,"70,00 mio. €"
37,Darwin Núñez,Avant-centre,23,"70,00 mio. €"
38,Ronald Araújo,Défenseur central,24,"70,00 mio. €"
39,Reece James,Arrière droit,23,"70,00 mio. €"
40,Alphonso Davies,Arrière gauche,22,"70,00 mio. €"
41,Éder Militão,Défenseur central,25,"70,00 mio. €"
42,Achraf Hakimi,Arrière droit,24,"70,00 mio. €"
43,Nicolò Barella,Milieu central,26,"70,00 mio. €"
44,Jack Grealish,Ailier gauche,27,"70,00 mio. €"
45,Leroy Sané,Ailier droit,27,"70,00 mio. €"
46,Marquinhos,Défenseur central,28,"70,00 mio. €"
47,Mohamed Salah,Ailier droit,30,"70,00 mio. €"
48,Neymar,Ailier gauche,31,"70,00 mio. €"
49,Nuno Mendes,Arrière gauche,20,"65,00 mio. €"
50,Randal Kolo Muani,Avant-centre,24,"65,00 mio. €"
51,Wesley Fofana,Défenseur central,22,"65,00 mio. €"
52,Mason Mount,Milieu offensif,24,"65,00 mio. €"
53,Trent Alexander-Arnold,Arrière droit,24,"65,00 mio. €"
54,Kingsley Coman,Ailier gauche,26,"65,00 mio. €"
55,Leon Goretzka,Milieu central,28,"65,00 mio. €"
56,Eduardo Camavinga,Milieu central,20,"60,00 mio. €"
57,Mykhaylo Mudryk,Ailier gauche,22,"60,00 mio. €"
58,Jonathan David,Avant-centre,23,"60,00 mio. €"
59,Bruno Guimarães,Milieu défensif,25,"60,00 mio. €"
60,Cody Gakpo,Ailier gauche,23,"60,00 mio. €"
61,Jules Koundé,Défenseur central,24,"60,00 mio. €"
62,Cristian Romero,Défenseur central,24,"60,00 mio. €"
63,Dayot Upamecano,Défenseur central,24,"60,00 mio. €"
64,Theo Hernández,Arrière gauche,25,"60,00 mio. €"
65,Frenkie de Jong,Milieu central,25,"60,00 mio. €"
66,Kai Havertz,Milieu offensif,23,"60,00 mio. €"
67,Ousmane Dembélé,Ailier droit,25,"60,00 mio. €"
68,Sergej Milinković-Savić,Milieu central,28,"60,00 mio. €"
69,Milan Skriniar,Défenseur central,28,"60,00 mio. €"
70,João Cancelo,Arrière droit,28,"60,00 mio. €"
71,Raheem Sterling,Ailier gauche,28,"60,00 mio. €"
72,Thibaut Courtois,Gardien de but,30,"60,00 mio. €"
73,Heung-min Son,Ailier gauche,30,"60,00 mio. €"
74,Moisés Caicedo,Milieu défensif,21,"55,00 mio. €"
75,William Saliba,Défenseur central,22,"55,00 mio. €"
76,Dejan Kulusevski,Ailier droit,23,"55,00 mio. €"
77,Jadon Sancho,Ailier gauche,23,"55,00 mio. €"
78,Richarlison,Avant-centre,25,"55,00 mio. €"
79,Diogo Jota,Ailier gauche,26,"55,00 mio. €"
80,Alessandro Bastoni,Défenseur central,24,"55,00 mio. €"
81,James Maddison,Milieu offensif,26,"55,00 mio. €"
82,Serge Gnabry,Ailier droit,27,"55,00 mio. €"
83,Julián Álvarez,Avant-centre,23,"50,00 mio. €"
84,Min-jae Kim,Défenseur central,26,"50,00 mio. €"
85,Lisandro Martínez,Défenseur central,25,"50,00 mio. €"
86,João Félix,Deuxième attaquant,23,"50,00 mio. €"
87,Gabriel Magalhães,Défenseur central,25,"50,00 mio. €"
88,Raphinha,Ailier droit,26,"50,00 mio. €"
89,Sandro Tonali,Milieu défensif,22,"50,00 mio. €"
90,Moussa Diaby,Ailier droit,23,"50,00 mio. €"
91,Mikel Oyarzabal,Ailier gauche,26,"50,00 mio. €"
92,Alexander Isak,Avant-centre,23,"50,00 mio. €"
93,Federico Chiesa,Ailier gauche,25,"50,00 mio. €"
94,Mikel Merino,Milieu central,26,"50,00 mio. €"
95,Ben White,Arrière droit,25,"50,00 mio. €"
96,Gianluigi Donnarumma,Gardien de but,24,"50,00 mio. €"
97,Lucas Hernández,Défenseur central,27,"50,00 mio. €"
98,Ivan Toney,Avant-centre,27,"50,00 mio. €"
99,Marco Verratti,Milieu central,30,"50,00 mio. €"
100,David Alaba,Défenseur central,30,"50,00 mio. €"
101,Casemiro,Milieu défensif,31,"50,00 mio. €"
102,Andrew Robertson,Arrière gauche,29,"48,00 mio. €"
103,Matheus Nunes,Milieu central,24,"45,00 mio. €"
104,Lucas Paquetá,Milieu offensif,25,"45,00 mio. €"
105,Pau Torres,Défenseur central,26,"45,00 mio. €"
106,Sven Botman,Défenseur central,23,"45,00 mio. €"
107,Diogo Costa,Gardien de but,23,"45,00 mio. €"
108,Tammy Abraham,Avant-centre,25,"45,00 mio. €"
109,Fikayo Tomori,Défenseur central,25,"45,00 mio. €"
110,Ederson,Gardien de but,29,"45,00 mio. €"
111,Fabinho,Milieu défensif,29,"45,00 mio. €"
112,Sadio Mané,Ailier gauche,31,"45,00 mio. €"
113,Pierre-Emile Höjbjerg,Milieu central,27,"45,00 mio. €"
114,Virgil van Dijk,Défenseur central,31,"45,00 mio. €"
115,Alisson,Gardien de but,30,"45,00 mio. €"
116,Lionel Messi,Ailier droit,35,"45,00 mio. €"
117,Alexis Mac Allister,Milieu central,24,"42,00 mio. €"
118,Vitinha,Milieu central,23,"42,00 mio. €"
119,Amadou Onana,Milieu défensif,21,"42,00 mio. €"
120,Jurrien Timber,Défenseur central,21,"42,00 mio. €"
121,Gonçalo Ramos,Avant-centre,21,"40,00 mio. €"
122,Bremer,Défenseur central,26,"40,00 mio. €"
123,Anthony Gordon,Ailier gauche,22,"40,00 mio. €"
124,Benoît Badiashile,Défenseur central,22,"40,00 mio. €"
125,Dominik Szoboszlai,Milieu offensif,22,"40,00 mio. €"
126,Martín Zubimendi,Milieu défensif,24,"40,00 mio. €"
127,Nico Schlotterbeck,Défenseur central,23,"40,00 mio. €"
128,Rodrigo Bentancur,Milieu central,25,"40,00 mio. €"
129,Frank Anguissa,Milieu central,27,"40,00 mio. €"
130,Ismaël Bennacer,Milieu défensif,25,"40,00 mio. €"
131,Dani Olmo,Milieu offensif,24,"40,00 mio. €"
132,Marc Cucurella,Arrière gauche,24,"40,00 mio. €"
133,Rodrigo de Paul,Milieu central,28,"40,00 mio. €"
134,Rúben Neves,Milieu défensif,26,"40,00 mio. €"
135,Oleksandr Zinchenko,Arrière gauche,26,"40,00 mio. €"
136,Julian Brandt,Milieu offensif,26,"40,00 mio. €"
137,Piotr Zielinski,Milieu central,28,"40,00 mio. €"
138,Raphaël Varane,Défenseur central,30,"40,00 mio. €"
139,Jan Oblak,Gardien de but,30,"40,00 mio. €"
140,Romelu Lukaku,Avant-centre,29,"40,00 mio. €"
141,Antonio Rüdiger,Défenseur central,30,"40,00 mio. €"
142,Marc-André ter Stegen,Gardien de but,30,"40,00 mio. €"
143,Mateo Kovacic,Milieu central,28,"40,00 mio. €"
144,Robert Lewandowski,Avant-centre,34,"40,00 mio. €"
145,Yéremy Pino,Ailier droit,20,"38,00 mio. €"
146,Aaron Ramsdale,Gardien de but,24,"38,00 mio. €"
147,Emile Smith Rowe,Milieu offensif,22,"38,00 mio. €"
148,Fabián Ruiz,Milieu central,27,"38,00 mio. €"
149,Joelinton,Milieu offensif,26,"38,00 mio. €"
150,Jarrod Bowen,Ailier droit,26,"38,00 mio. €"
151,Thomas Partey,Milieu défensif,29,"38,00 mio. €"
152,Stanislav Lobotka,Milieu défensif,28,"38,00 mio. €"
153,James Ward-Prowse,Milieu central,28,"38,00 mio. €"
154,Rasmus Højlund,Avant-centre,20,"35,00 mio. €"
155,Pierre Kalulu,Défenseur central,22,"35,00 mio. €"
156,Harvey Elliott,Milieu offensif,20,"35,00 mio. €"
157,Pedro Porro,Arrière droit,23,"35,00 mio. €"
158,Karim Adeyemi,Ailier gauche,21,"35,00 mio. €"
159,Jeremie Frimpong,Arrière droit,22,"35,00 mio. €"
160,Ansu Fati,Ailier gauche,20,"35,00 mio. €"
161,Douglas Luiz,Milieu central,24,"35,00 mio. €"
162,Martin Terrier,Ailier gauche,26,"35,00 mio. €"
163,Amine Gouiri,Avant-centre,23,"35,00 mio. €"
164,Giacomo Raspadori,Deuxième attaquant,23,"35,00 mio. €"
165,Edson Álvarez,Milieu défensif,25,"35,00 mio. €"
166,Marc Guéhi,Défenseur central,22,"35,00 mio. €"
167,Ibrahim Sangaré,Milieu défensif,25,"35,00 mio. €"
168,Diogo Dalot,Arrière droit,24,"35,00 mio. €"
169,Ibrahima Konaté,Défenseur central,23,"35,00 mio. €"
170,Benjamin Pavard,Arrière droit,27,"35,00 mio. €"
171,Robin Le Normand,Défenseur central,26,"35,00 mio. €"
172,Kalvin Phillips,Milieu défensif,27,"35,00 mio. €"
173,Ben Chilwell,Arrière gauche,26,"35,00 mio. €"
174,Ferland Mendy,Arrière gauche,27,"35,00 mio. €"
175,Lorenzo Pellegrini,Milieu offensif,26,"35,00 mio. €"
176,Tomas Soucek,Milieu défensif,28,"35,00 mio. €"
177,Marcos Llorente,Milieu central,28,"35,00 mio. €"
178,Presnel Kimpembe,Défenseur central,27,"35,00 mio. €"
179,Miguel Almirón,Ailier droit,29,"35,00 mio. €"
180,Allan Saint-Maximin,Ailier gauche,26,"35,00 mio. €"
181,Ángel Correa,Ailier droit,28,"35,00 mio. €"
182,Gregor Kobel,Gardien de but,25,"35,00 mio. €"
183,João Palhinha,Milieu défensif,27,"35,00 mio. €"
184,José María Giménez,Défenseur central,28,"35,00 mio. €"
185,José Gayà,Arrière gauche,27,"35,00 mio. €"
186,Luke Shaw,Arrière gauche,27,"35,00 mio. €"
187,Mike Maignan,Gardien de but,27,"35,00 mio. €"
188,Nathan Aké,Défenseur central,28,"35,00 mio. €"
189,Niklas Süle,Défenseur central,27,"35,00 mio. €"
190,Hakan Calhanoglu,Milieu central,29,"35,00 mio. €"
191,Jorginho,Milieu défensif,31,"35,00 mio. €"
192,Karim Benzema,Avant-centre,35,"35,00 mio. €"
193,Jacob Ramsey,Milieu central,21,"32,00 mio. €"
194,Conor Gallagher,Milieu central,23,"32,00 mio. €"
195,Pedro Neto,Ailier droit,23,"32,00 mio. €"
196,Khéphren Thuram,Milieu défensif,22,"32,00 mio. €"
197,Robert Sánchez,Gardien de but,25,"32,00 mio. €"
198,Harvey Barnes,Ailier gauche,25,"32,00 mio. €"
199,Evan Ndicka,Défenseur central,23,"32,00 mio. €"
200,Nayef Aguerd,Défenseur central,27,"32,00 mio. €"
201,Ollie Watkins,Avant-centre,27,"32,00 mio. €"
202,Marcus Thuram,Avant-centre,25,"32,00 mio. €"
203,Christian Pulisic,Ailier droit,24,"32,00 mio. €"
204,Wilfred Ndidi,Milieu défensif,26,"32,00 mio. €"
205,Joachim Andersen,Défenseur central,26,"32,00 mio. €"
206,Gabri Veiga,Milieu offensif,20,"30,00 mio. €"
207,Alejandro Balde,Arrière gauche,19,"30,00 mio. €"
208,Manu Koné,Milieu central,21,"30,00 mio. €"
209,Jean-Clair Todibo,Défenseur central,23,"30,00 mio. €"
210,Armando Broja,Avant-centre,21,"30,00 mio. €"
211,Giorgio Scalvini,Défenseur central,19,"30,00 mio. €"
212,Oihan Sancet,Milieu offensif,23,"30,00 mio. €"
213,Xavi Simons,Milieu offensif,20,"30,00 mio. €"
214,Edmond Tapsoba,Défenseur central,24,"30,00 mio. €"
215,Mohammed Kudus,Milieu offensif,22,"30,00 mio. €"
216,Cheick Doucouré,Milieu défensif,23,"30,00 mio. €"
217,Roger Ibañez,Défenseur central,24,"30,00 mio. €"
218,Matheus Cunha,Avant-centre,23,"30,00 mio. €"
219,Eberechi Eze,Milieu offensif,24,"30,00 mio. €"
220,Ryan Gravenberch,Milieu central,20,"30,00 mio. €"
221,Brennan Johnson,Deuxième attaquant,21,"30,00 mio. €"
222,Youssoufa Moukoko,Avant-centre,18,"30,00 mio. €"
223,Orkun Kökcü,Milieu central,22,"30,00 mio. €"
224,Morgan Gibbs-White,Milieu offensif,23,"30,00 mio. €"
225,Pedro Gonçalves,Ailier gauche,24,"30,00 mio. €"
226,Ademola Lookman,Deuxième attaquant,25,"30,00 mio. €"
227,Ferran Torres,Ailier gauche,23,"30,00 mio. €"
228,Brenden Aaronson,Milieu offensif,22,"30,00 mio. €"
229,Carlos Soler,Milieu central,26,"30,00 mio. €"
230,Teun Koopmeiners,Milieu défensif,25,"30,00 mio. €"
231,Daichi Kamada,Milieu offensif,26,"30,00 mio. €"
232,Joe Willock,Milieu central,23,"30,00 mio. €"
233,Diego Carlos,Défenseur central,30,"30,00 mio. €"
234,Brais Méndez,Milieu offensif,26,"30,00 mio. €"
235,Manuel Akanji,Défenseur central,27,"30,00 mio. €"
236,Manuel Locatelli,Milieu défensif,25,"30,00 mio. €"
237,Joe Gomez,Défenseur central,25,"30,00 mio. €"
238,Youri Tielemans,Milieu central,25,"30,00 mio. €"
239,Patrik Schick,Avant-centre,27,"30,00 mio. €"
240,Otávio,Milieu offensif,28,"30,00 mio. €"
241,Paulo Dybala,Deuxième attaquant,29,"30,00 mio. €"
242,Nabil Fekir,Milieu offensif,29,"30,00 mio. €"
243,Andreas Christensen,Défenseur central,27,"30,00 mio. €"
244,John Stones,Défenseur central,28,"30,00 mio. €"
245,Adrien Rabiot,Milieu central,28,"30,00 mio. €"
246,Seko Fofana,Milieu central,27,"30,00 mio. €"
247,Sébastien Haller,Avant-centre,28,"30,00 mio. €"
248,Gerard Moreno,Avant-centre,31,"30,00 mio. €"
249,Aymeric Laporte,Défenseur central,28,"30,00 mio. €"
250,Riyad Mahrez,Ailier droit,32,"30,00 mio. €"
251,Leandro Trossard,Ailier gauche,28,"30,00 mio. €"
252,Tyrick Mitchell,Arrière gauche,23,"28,00 mio. €"
253,Mohamed Simakan,Défenseur central,22,"28,00 mio. €"
254,Mohamed Camara,Milieu défensif,23,"28,00 mio. €"
255,Jesper Lindström,Milieu offensif,23,"28,00 mio. €"
256,Giovanni Reyna,Milieu offensif,20,"28,00 mio. €"
257,Noni Madueke,Ailier droit,21,"28,00 mio. €"
258,Nicolás González,Ailier gauche,25,"28,00 mio. €"
259,Bryan Mbeumo,Ailier droit,23,"28,00 mio. €"
260,Nicolò Zaniolo,Milieu offensif,23,"28,00 mio. €"
261,Guido Rodríguez,Milieu défensif,29,"28,00 mio. €"
262,Noussair Mazraoui,Arrière droit,25,"28,00 mio. €"
263,Denzel Dumfries,Milieu droit,27,"28,00 mio. €"
264,Emiliano Buendía,Ailier droit,26,"28,00 mio. €"
265,Hirving Lozano,Ailier droit,27,"28,00 mio. €"
266,Franck Kessié,Milieu central,26,"28,00 mio. €"
267,Timothy Castagne,Arrière droit,27,"28,00 mio. €"
268,Gonçalo Guedes,Deuxième attaquant,26,"28,00 mio. €"
269,Konrad Laimer,Milieu central,25,"28,00 mio. €"
270,Kurt Zouma,Défenseur central,28,"28,00 mio. €"
271,Marcelo Brozovic,Milieu défensif,30,"28,00 mio. €"
272,Emiliano Martínez,Gardien de but,30,"28,00 mio. €"
273,Granit Xhaka,Milieu central,30,"28,00 mio. €"
274,Aleksandar Mitrović,Avant-centre,28,"28,00 mio. €"
275,Rayan Cherki,Milieu offensif,19,"27,00 mio. €"
276,Michael Olise,Ailier droit,21,"27,00 mio. €"
277,Fábio Vieira,Milieu offensif,22,"27,00 mio. €"
278,Charles De Ketelaere,Milieu offensif,22,"27,00 mio. €"
279,Arnaut Danjuma,Ailier gauche,26,"27,00 mio. €"
280,Malcom,Ailier droit,26,"27,00 mio. €"
281,Gianluca Scamacca,Avant-centre,24,"27,00 mio. €"
282,John McGinn,Milieu central,28,"27,00 mio. €"
283,Wilfried Zaha,Ailier gauche,30,"27,00 mio. €"
284,Eljif Elmas,Milieu central,23,"26,00 mio. €"
285,Alejandro Garnacho,Ailier gauche,18,"25,00 mio. €"
286,Danilo,Milieu défensif,21,"25,00 mio. €"
287,Hugo Ekitiké,Avant-centre,20,"25,00 mio. €"
288,Nico Williams,Ailier droit,20,"25,00 mio. €"
289,Piero Hincapié,Défenseur central,21,"25,00 mio. €"
290,Elye Wahi,Avant-centre,20,"25,00 mio. €"
291,António Silva,Défenseur central,19,"25,00 mio. €"
292,Roméo Lavia,Milieu défensif,19,"25,00 mio. €"
293,Malo Gusto,Arrière droit,19,"25,00 mio. €"
294,Arnaud Kalimuendo,Avant-centre,21,"25,00 mio. €"
295,Anthony Elanga,Ailier gauche,20,"25,00 mio. €"
296,Youssouf Fofana,Milieu central,24,"25,00 mio. €"
297,Gonçalo Inácio,Défenseur central,21,"25,00 mio. €"
298,Max Kilman,Défenseur central,25,"25,00 mio. €"
299,Tino Livramento,Arrière droit,20,"25,00 mio. €"
300,Folarin Balogun,Avant-centre,21,"25,00 mio. €"
301,Giorgi Mamardashvili,Gardien de but,22,"25,00 mio. €"
302,Juan Foyth,Arrière droit,25,"25,00 mio. €"
303,Manuel Ugarte,Milieu défensif,22,"25,00 mio. €"
304,Emerson Royal,Arrière droit,24,"25,00 mio. €"
305,Kiernan Dewsbury-Hall,Milieu central,24,"25,00 mio. €"
306,Mattéo Guendouzi,Milieu central,24,"25,00 mio. €"
307,Tanguy Ndombélé,Milieu central,26,"25,00 mio. €"
308,James Justin,Arrière droit,25,"25,00 mio. €"
309,Yves Bissouma,Milieu central,26,"25,00 mio. €"
310,Maxence Caqueret,Milieu central,23,"25,00 mio. €"
311,Boubacar Kamara,Milieu défensif,23,"25,00 mio. €"
312,Leon Bailey,Ailier gauche,25,"25,00 mio. €"
313,Axel Disasi,Défenseur central,25,"25,00 mio. €"
314,Tetê,Ailier droit,23,"25,00 mio. €"
315,Pablo Fornals,Milieu offensif,27,"25,00 mio. €"
316,Kyle Walker-Peters,Arrière droit,26,"25,00 mio. €"
317,Merih Demiral,Défenseur central,25,"25,00 mio. €"
318,Eddie Nketiah,Avant-centre,23,"25,00 mio. €"
319,Takehiro Tomiyasu,Arrière droit,24,"25,00 mio. €"
320,Scott McTominay,Milieu défensif,26,"25,00 mio. €"
321,Marcus Edwards,Ailier droit,24,"25,00 mio. €"
322,Dominic Calvert-Lewin,Avant-centre,26,"25,00 mio. €"
323,Kieran Tierney,Arrière gauche,25,"25,00 mio. €"
324,Marco Asensio,Ailier droit,27,"25,00 mio. €"
325,Sofyan Amrabat,Milieu défensif,26,"25,00 mio. €"
326,Mattia Zaccagni,Ailier gauche,27,"25,00 mio. €"
327,Borja Iglesias,Avant-centre,30,"25,00 mio. €"
328,Aleksandr Golovin,Milieu offensif,26,"25,00 mio. €"
329,David Raya,Gardien de but,27,"25,00 mio. €"
330,Unai Simón,Gardien de but,25,"25,00 mio. €"
331,Amir Rrahmani,Défenseur central,29,"25,00 mio. €"
332,Iñaki Williams,Avant-centre,28,"25,00 mio. €"
333,Tyrone Mings,Défenseur central,30,"25,00 mio. €"
334,Enes Ünal,Avant-centre,25,"25,00 mio. €"
335,Alex Iwobi,Milieu offensif,26,"25,00 mio. €"
336,Reinildo Mandava,Arrière gauche,29,"25,00 mio. €"
337,Álex Remiro,Gardien de but,28,"25,00 mio. €"
338,Mario Pasalic,Milieu offensif,28,"25,00 mio. €"
339,Thomas Lemar,Milieu offensif,27,"25,00 mio. €"
340,Ruben Loftus-Cheek,Milieu central,27,"25,00 mio. €"
341,Federico Dimarco,Arrière gauche,25,"25,00 mio. €"
342,Alejandro Grimaldo,Arrière gauche,27,"25,00 mio. €"
343,Harry Maguire,Défenseur central,30,"25,00 mio. €"
344,Eric Dier,Défenseur central,29,"25,00 mio. €"
345,Timo Werner,Avant-centre,27,"25,00 mio. €"
346,Giovanni Di Lorenzo,Arrière droit,29,"25,00 mio. €"
347,Yannick Carrasco,Ailier gauche,29,"25,00 mio. €"
348,Jordan Pickford,Gardien de but,29,"25,00 mio. €"
349,Álvaro Morata,Avant-centre,30,"25,00 mio. €"
350,Antoine Griezmann,Deuxième attaquant,32,"25,00 mio. €"
351,Kalidou Koulibaly,Défenseur central,31,"25,00 mio. €"
352,Christian Eriksen,Milieu central,31,"25,00 mio. €"
353,Ilkay Gündogan,Milieu central,32,"25,00 mio. €"
354,João Pedro,Avant-centre,21,"24,00 mio. €"
355,Nahuel Molina,Arrière droit,25,"24,00 mio. €"
356,Steven Bergwijn,Ailier gauche,25,"24,00 mio. €"
357,Filip Kostić,Milieu gauche,30,"24,00 mio. €"
358,Rafa,Deuxième attaquant,29,"23,00 mio. €"
359,Kamaldeen Sulemana,Ailier gauche,21,"22,00 mio. €"
360,Evanilson,Avant-centre,23,"22,00 mio. €"
361,Vitinha,Avant-centre,23,"22,00 mio. €"
362,Rayan Aït-Nouri,Arrière gauche,21,"22,00 mio. €"
363,Destiny Udogie,Arrière gauche,20,"22,00 mio. €"
364,Illan Meslier,Gardien de but,23,"22,00 mio. €"
365,Georginio Rutter,Avant-centre,21,"22,00 mio. €"
366,Pepê,Ailier gauche,26,"22,00 mio. €"
367,Luis Sinisterra,Ailier gauche,23,"22,00 mio. €"
368,Kaoru Mitoma,Ailier gauche,25,"22,00 mio. €"
369,Yunus Musah,Milieu central,20,"22,00 mio. €"
370,Wendel,Milieu central,25,"22,00 mio. €"
371,Hugo Guillamón,Milieu défensif,23,"22,00 mio. €"
372,Aaron Wan-Bissaka,Arrière droit,25,"22,00 mio. €"
373,David Neres,Ailier droit,26,"22,00 mio. €"
374,Nathan Collins,Défenseur central,21,"22,00 mio. €"
375,Pedro,Avant-centre,25,"22,00 mio. €"
376,Matty Cash,Arrière droit,25,"22,00 mio. €"
377,Jack Harrison,Ailier gauche,26,"22,00 mio. €"
378,Ezri Konsa,Défenseur central,25,"22,00 mio. €"
379,Vitaliy Mykolenko,Arrière gauche,23,"22,00 mio. €"
380,Davide Frattesi,Milieu central,23,"22,00 mio. €"
381,Ryan Sessegnon,Milieu gauche,22,"22,00 mio. €"
382,Hamed Junior Traorè,Milieu offensif,23,"22,00 mio. €"
383,Noah Okafor,Avant-centre,22,"22,00 mio. €"
384,Ché Adams,Avant-centre,26,"22,00 mio. €"
385,Sean Longstaff,Milieu central,25,"22,00 mio. €"
386,Trevoh Chalobah,Défenseur central,23,"22,00 mio. €"
387,Nicolas Pépé,Ailier droit,27,"22,00 mio. €"
388,Rico Henry,Arrière gauche,25,"22,00 mio. €"
389,Tyrell Malacia,Arrière gauche,23,"22,00 mio. €"
390,Saïd Benrahma,Ailier gauche,27,"22,00 mio. €"
391,Viktor Tsygankov,Ailier droit,25,"22,00 mio. €"
392,Dean Henderson,Gardien de but,26,"22,00 mio. €"
393,Breel Embolo,Avant-centre,26,"22,00 mio. €"
394,Xaver Schlager,Milieu central,25,"22,00 mio. €"
395,Adam Webster,Défenseur central,28,"22,00 mio. €"
396,Djibril Sow,Milieu central,26,"22,00 mio. €"
397,James Tarkowski,Défenseur central,30,"22,00 mio. €"
398,Roberto Firmino,Avant-centre,31,"22,00 mio. €"
399,Weston McKennie,Milieu central,24,"21,00 mio. €"
400,Gabriel,Avant-centre,26,"21,00 mio. €"
401,Endrick,Avant-centre,16,"20,00 mio. €"
402,Dango Ouattara,Ailier droit,21,"20,00 mio. €"
403,Mathys Tel,Avant-centre,17,"20,00 mio. €"
404,Odilon Kossounou,Défenseur central,22,"20,00 mio. €"
405,Benjamin Sesko,Avant-centre,19,"20,00 mio. €"
406,Castello Lukeba,Défenseur central,20,"20,00 mio. €"
407,Éderson,Milieu central,23,"20,00 mio. €"
408,Thiago Almada,Milieu offensif,21,"20,00 mio. €"
409,Strahinja Pavlovic,Défenseur central,21,"20,00 mio. €"
410,Fábio Carvalho,Milieu offensif,20,"20,00 mio. €"
411,Álex Baena,Ailier gauche,21,"20,00 mio. €"
412,Terem Moffi,Avant-centre,23,"20,00 mio. €"
413,Luka Sucic,Milieu offensif,20,"20,00 mio. €"
414,Renan Lodi,Arrière gauche,25,"20,00 mio. €"
415,Kevin Schade,Ailier droit,21,"20,00 mio. €"
416,Armel Bella-Kotchap,Défenseur central,21,"20,00 mio. €"
417,Galeno,Ailier gauche,25,"20,00 mio. €"
418,Maxence Lacroix,Défenseur central,23,"20,00 mio. €"
419,Nicolò Fagioli,Milieu central,22,"20,00 mio. €"
420,Jakub Kiwior,Défenseur central,23,"20,00 mio. €"
421,Caio Henrique,Arrière gauche,25,"20,00 mio. €"
422,Perr Schuurs,Défenseur central,23,"20,00 mio. €"
423,Nikola Milenković,Défenseur central,25,"20,00 mio. €"
424,Pascal Struijk,Arrière gauche,23,"20,00 mio. €"
425,Ismaïla Sarr,Ailier droit,25,"20,00 mio. €"
426,Nicolas Seiwald,Milieu central,21,"20,00 mio. €"
427,David Hancko,Défenseur central,25,"20,00 mio. €"
428,Samuel Chukwueze,Ailier droit,23,"20,00 mio. €"
429,Lovro Majer,Milieu offensif,25,"20,00 mio. €"
430,Arthur Theate,Défenseur central,22,"20,00 mio. €"
431,Loïs Openda,Avant-centre,23,"20,00 mio. €"
432,Patson Daka,Avant-centre,24,"20,00 mio. €"
433,Moise Kean,Avant-centre,23,"20,00 mio. €"
434,Florentino,Milieu défensif,23,"20,00 mio. €"
435,Alban Lafont,Gardien de but,24,"20,00 mio. €"
436,Pervis Estupiñán,Arrière gauche,25,"20,00 mio. €"
437,Nordi Mukiele,Arrière droit,25,"20,00 mio. €"
438,Boubakary Soumaré,Milieu défensif,24,"20,00 mio. €"
439,Davinson Sánchez,Défenseur central,26,"20,00 mio. €"
440,Denis Zakaria,Milieu défensif,26,"20,00 mio. €"
441,Tyler Adams,Milieu défensif,24,"20,00 mio. €"
442,Christoph Baumgartner,Milieu offensif,23,"20,00 mio. €"
443,David Raum,Arrière gauche,25,"20,00 mio. €"
444,Brahim Díaz,Milieu offensif,23,"20,00 mio. €"
445,Mehdi Taremi,Avant-centre,30,"20,00 mio. €"
446,David García,Défenseur central,29,"20,00 mio. €"
447,Taiwo Awoniyi,Avant-centre,25,"20,00 mio. €"
448,Nikola Vlasic,Milieu offensif,25,"20,00 mio. €"
449,Jonathan Bamba,Ailier gauche,27,"20,00 mio. €"
450,Wout Faes,Défenseur central,25,"20,00 mio. €"
451,Demarai Gray,Ailier gauche,26,"20,00 mio. €"
452,Ramy Bensebaini,Arrière gauche,28,"20,00 mio. €"
453,Davide Calabria,Arrière droit,26,"20,00 mio. €"
454,Ricardo Horta,Ailier gauche,28,"20,00 mio. €"
455,Renato Sanches,Milieu central,25,"20,00 mio. €"
456,Wilmar Barrios,Milieu défensif,29,"20,00 mio. €"
457,Daniel Podence,Ailier gauche,27,"20,00 mio. €"
458,André Onana,Gardien de but,27,"20,00 mio. €"
459,Philipp Lienhart,Défenseur central,26,"20,00 mio. €"
460,N'Golo Kanté,Milieu défensif,32,"20,00 mio. €"
461,Chancel Mbemba,Défenseur central,28,"20,00 mio. €"
462,Bryan Cristante,Milieu défensif,28,"20,00 mio. €"
463,André Silva,Avant-centre,27,"20,00 mio. €"
464,Jonathan Tah,Défenseur central,27,"20,00 mio. €"
465,Álex Moreno,Arrière gauche,29,"20,00 mio. €"
466,Ben Davies,Arrière gauche,30,"20,00 mio. €"
467,Nico Elvedi,Défenseur central,26,"20,00 mio. €"
468,Fred,Milieu central,30,"20,00 mio. €"
469,Raphaël Guerreiro,Arrière gauche,29,"20,00 mio. €"
470,Matteo Politano,Ailier droit,29,"20,00 mio. €"
471,Wissam Ben Yedder,Avant-centre,32,"20,00 mio. €"
472,Matthias Ginter,Défenseur central,29,"20,00 mio. €"
473,Paul Pogba,Milieu central,30,"20,00 mio. €"
474,Marcel Sabitzer,Milieu central,29,"20,00 mio. €"
475,Sergio Canales,Milieu offensif,32,"20,00 mio. €"
476,Cristiano Ronaldo,Avant-centre,38,"20,00 mio. €"
477,Giorgian de Arrascaeta,Milieu offensif,28,"19,00 mio. €"
478,Vitor Roque,Avant-centre,18,"18,00 mio. €"
479,Eliesse Ben Seghir,Milieu offensif,18,"18,00 mio. €"
480,Warren Zaïre-Emery,Milieu central,17,"18,00 mio. €"
481,Vanderson,Arrière droit,21,"18,00 mio. €"
482,Ilya Zabarnyi,Défenseur central,20,"18,00 mio. €"
483,Adrien Truffert,Arrière gauche,21,"18,00 mio. €"
484,Wilfried Gnonto,Ailier gauche,19,"18,00 mio. €"
485,Aaron Hickey,Arrière gauche,20,"18,00 mio. €"
486,Gavin Bazunu,Gardien de but,21,"18,00 mio. €"
487,Dwight McNeil,Ailier gauche,23,"18,00 mio. €"
488,Armand Laurienté,Ailier gauche,24,"18,00 mio. €"
489,Sofiane Diop,Ailier gauche,22,"18,00 mio. €"
490,Mohammed Salisu,Défenseur central,24,"18,00 mio. €"
491,Micky van de Ven,Défenseur central,22,"18,00 mio. €"
492,Anatoliy Trubin,Gardien de but,21,"18,00 mio. €"
493,Nuno Tavares,Arrière gauche,23,"18,00 mio. €"
494,Neco Williams,Arrière droit,22,"18,00 mio. €"
495,Yuri Alberto,Avant-centre,22,"18,00 mio. €"
496,Jérémy Doku,Ailier droit,20,"18,00 mio. €"
497,Calvin Bassey,Défenseur central,23,"18,00 mio. €"
498,Edouard Mendy,Gardien de but,31,"18,00 mio. €"
499,Lutsharel Geertruida,Arrière droit,22,"18,00 mio. €"
500,Claudinho,Milieu offensif,26,"18,00 mio. €"
